SEGMENT_ID,START_TMS,END_TMS,LAST_CHG_TMS,LAST_CHG_USR_ID,LOCKED_BY_USR_ID,SEGMENT_NME,SEGMENT_DESC,DTD_BIN,DUP_INSERT_IND,SEGMENT_TYP
117,05/02/2001 14:55:21,,27/07/2007 12:47:55,GS:MSYS:REF     ,,MarketIssueComment,MICM,(BLOB),,
119,09/03/2001 12:30:37,,27/07/2007 12:47:56,GS:MSYS:REF     ,,OptionsCharacteristics,OPCH,(BLOB),,
123,22/06/2001 16:42:57,,27/07/2007 12:47:56,GS:MSYS:REF     ,,FINSRoleGeographicUnit,FRGU,(BLOB),,
124,22/06/2001 16:43:11,,27/07/2007 12:47:56,GS:MSYS:REF     ,,FundCharacteristics,FNCH,(BLOB),,
125,22/06/2001 16:43:35,,27/07/2007 12:47:56,GS:MSYS:REF     ,,FundStatistics,FNST,(BLOB),,
126,22/06/2001 16:43:56,,27/07/2007 12:47:56,GS:MSYS:REF     ,,GeographicUnit,GUNT,(BLOB),,
128,22/06/2001 16:44:39,,27/07/2007 12:47:56,GS:MSYS:REF     ,,PrincipalEventDefinition,PEDF,(BLOB),,
129,22/06/2001 16:44:55,,27/07/2007 12:47:56,GS:MSYS:REF     ,,PrincipalEventParticipant,PEVP,(BLOB),,
130,22/06/2001 16:45:07,,27/07/2007 12:47:56,GS:MSYS:REF     ,,PrincipalPaymentDefinition,PPDF,(BLOB),,
131,22/06/2001 16:45:20,,27/07/2007 12:47:56,GS:MSYS:REF     ,,UnderwriterStatistics,UWST,(BLOB),,
132,22/06/2001 16:45:31,,27/07/2007 12:47:56,GS:MSYS:REF     ,,DebtInstrumentCharacteristics,BDCH,(BLOB),,
133,22/06/2001 16:45:45,,27/07/2007 12:47:56,GS:MSYS:REF     ,,DebtInstrumentStatistics,BDST,(BLOB),,
134,27/06/2001 13:52:52,,27/07/2007 12:47:56,GS:MSYS:REF     ,,IssueCollateral,ISLL,(BLOB),,
135,05/07/2001 14:19:23,,27/07/2007 12:47:56,GS:MSYS:REF     ,,Contact,CNTC,(BLOB),,
136,12/07/2001 18:48:07,,27/07/2007 12:47:56,GS:MSYS:REF     ,,FundLimitsAndFees,FNLM,(BLOB),,
137,13/08/2001 12:13:27,,27/07/2007 12:47:56,GS:MSYS:REF     ,,TaxTreatmentCharacteristics,TTCH,(BLOB),,
138,13/08/2001 12:20:01,,27/07/2007 12:47:56,GS:MSYS:REF     ,,LoanMortgageCharacteristics,LMCH,(BLOB),,
139,13/08/2001 12:22:19,,27/07/2007 12:47:56,GS:MSYS:REF     ,,LoanMortgageStatistics,LMST,(BLOB),,
140,13/08/2001 12:30:49,,27/07/2007 12:47:56,GS:MSYS:REF     ,,IndustryClassificationSet,INCS,(BLOB),,
141,13/08/2001 12:40:44,,27/07/2007 12:47:56,GS:MSYS:REF     ,,INCSIndustryClassification,INCL,(BLOB),,
142,13/08/2001 13:06:38,,27/07/2007 12:47:56,GS:MSYS:REF     ,,RatingSetDefinition,RTNG,(BLOB),,
143,13/08/2001 13:10:12,,27/07/2007 12:47:56,GS:MSYS:REF     ,,RTNGRatingValue,RTVL,(BLOB),,
145,23/10/2001 16:01:17,,27/07/2007 12:47:56,GS:MSYS:REF     ,,IssueActionType,IATY,(BLOB),,
146,23/10/2001 16:01:17,,27/07/2007 12:47:56,GS:MSYS:REF     ,,IssuerType,IRTY,(BLOB),,
147,23/10/2001 16:01:17,,27/07/2007 12:47:57,GS:MSYS:REF     ,,IssueType,ISTY,(BLOB),,
148,23/10/2001 16:01:17,,27/07/2007 12:47:57,GS:MSYS:REF     ,,IssueTypeClassification,IYCL,(BLOB),,
150,23/10/2001 16:01:18,,27/07/2007 12:47:57,GS:MSYS:REF     ,,OverrideControl,OVRC,(BLOB),,
151,13/11/2001 18:19:00,,27/07/2007 12:47:57,GS:MSYS:REF     ,,FinsRoleIdentifier,FRID,(BLOB),,
152,29/11/2001 10:27:56,,27/07/2007 12:47:57,GS:MSYS:REF     ,,FinsRoleRating,FRRT,(BLOB),,
153,29/11/2001 13:53:09,,27/07/2007 12:47:57,GS:MSYS:REF     ,,FinancialMarket,MRKT,(BLOB),,
154,12/12/2001 11:02:19,,27/07/2007 12:47:57,GS:MSYS:REF     ,,FinancialInstitutionStatistic,FIST,(BLOB),,
155,12/12/2001 11:02:28,,27/07/2007 12:47:57,GS:MSYS:REF     ,,FinancialInstitutionIdentifier,FIID,(BLOB),,
156,19/12/2001 09:32:00,,27/07/2007 12:47:57,GS:MSYS:REF     ,,ForeignExchangeRates,FXRT,(BLOB),,
157,18/01/2002 18:08:00,,27/07/2007 12:47:57,GS:MSYS:REF     ,,StatisticDefinition,STDF,(BLOB),,
159,18/01/2002 18:08:00,,27/07/2007 12:47:57,GS:MSYS:REF     ,,PrincipalEventCondition,PECN,(BLOB),,
160,18/01/2002 18:08:00,,27/07/2007 12:47:57,GS:MSYS:REF     ,,AmortizationAccretion,AAME,(BLOB),,
161,18/01/2002 18:08:00,,27/07/2007 12:47:57,GS:MSYS:REF     ,,FuturesCharacteristics,FECH,(BLOB),,
162,18/01/2002 18:08:00,,27/07/2007 12:47:57,GS:MSYS:REF     ,,FinsRoleMarketIssueParticipant,FRMI,(BLOB),,
163,12/12/2001 11:02:19,,27/07/2007 12:47:57,GS:MSYS:REF     ,,IssueActionPrtComment,GNCM,(BLOB),,
164,27/01/2004 00:00:00,,27/07/2007 12:47:57,GS:MSYS:REF     ,,StandardConfirmationInstruction,SCIS,(BLOB),,
165,27/01/2004 00:00:00,,27/07/2007 12:47:57,GS:MSYS:REF     ,,StandardConfirmationComment,SCCM,(BLOB),,
166,01/02/2002 14:46:56,,27/07/2007 12:47:57,GS:MSYS:REF     ,,IssueActionEntitlementDate,IAED,(BLOB),,
167,27/01/2004 00:00:00,,27/07/2007 12:47:57,GS:MSYS:REF     ,,StandardConfirmationMediaOption,SCMO,(BLOB),,
168,04/03/2002 11:30:00,,27/07/2007 12:47:57,GS:MSYS:REF     ,,IncomePaymentComment,GNCM,(BLOB),,
169,04/03/2002 11:30:00,,27/07/2007 12:47:57,GS:MSYS:REF     ,,PrincipalEventComment,GNCM,(BLOB),,
170,04/03/2002 11:30:00,,27/07/2007 12:47:57,GS:MSYS:REF     ,,PrincipalPaymentComment,GNCM,(BLOB),,
171,04/03/2002 11:30:00,,27/07/2007 12:47:57,GS:MSYS:REF     ,,CapitalizationComment,GNCM,(BLOB),,
172,04/03/2002 11:30:00,,27/07/2007 12:47:57,GS:MSYS:REF     ,,RedemptionComment,GNCM,(BLOB),,
173,04/03/2002 11:30:00,,27/07/2007 12:47:57,GS:MSYS:REF     ,,FundComment,GNCM,(BLOB),,
174,04/03/2002 11:30:00,,27/07/2007 12:47:57,GS:MSYS:REF     ,,FundChargeComment,GNCM,(BLOB),,
175,04/03/2002 11:30:00,,27/07/2007 12:47:57,GS:MSYS:REF     ,,FundInvestmentComment,GNCM,(BLOB),,
176,04/03/2002 11:30:00,,27/07/2007 12:47:58,GS:MSYS:REF     ,,TaxComment,GNCM,(BLOB),,
177,04/03/2002 11:30:00,,27/07/2007 12:47:58,GS:MSYS:REF     ,,IssueStoppingListComment,GNCM,(BLOB),,
178,04/03/2002 11:30:00,,27/07/2007 12:47:58,GS:MSYS:REF     ,,DepositoryComment,GNCM,(BLOB),,
179,04/03/2002 11:30:00,,27/07/2007 12:47:58,GS:MSYS:REF     ,,CompanyComment,GNCM,(BLOB),,
180,04/03/2002 11:30:00,,27/07/2007 12:47:58,GS:MSYS:REF     ,,MarketComment,GNCM,(BLOB),,
181,04/03/2002 11:30:00,,27/07/2007 12:47:58,GS:MSYS:REF     ,,ISSUIssueGroupParticipant,ISGP,(BLOB),,
182,04/03/2002 11:30:00,,27/07/2007 12:47:58,GS:MSYS:REF     ,,TaxTreatmentAdditionalDetails,TTAD,(BLOB),,
183,04/03/2002 11:30:00,,27/07/2007 12:47:58,GS:MSYS:REF     ,,ISTYNLSNameAndDescription,NLNM,(BLOB),,
184,04/03/2002 11:30:00,,27/07/2007 12:47:58,GS:MSYS:REF     ,,ISTYAlternateIdentifier,ALID,(BLOB),,
185,04/03/2002 11:30:00,,27/07/2007 12:47:58,GS:MSYS:REF     ,,FINRFinsRoleIssueParticipant,FRIP,(BLOB),,
186,04/03/2002 11:30:00,,27/07/2007 12:47:58,GS:MSYS:REF     ,,FINSCentralCrossReference,CCRF,(BLOB),,
187,04/03/2002 11:30:00,,27/07/2007 12:47:58,GS:MSYS:REF     ,,ACCTAccountGroupParticipant,ACGP,(BLOB),,
188,04/03/2002 11:30:00,,27/07/2007 12:47:58,GS:MSYS:REF     ,,ACCTEmployeeAccountRole,EACR,(BLOB),,
189,04/03/2002 11:30:00,,27/07/2007 12:47:58,GS:MSYS:REF     ,,ACTPAccountTypeGroupParticipant,AYGP,(BLOB),,
190,12/03/1972 00:00:00,,27/07/2007 12:47:58,GS:MSYS:REF     ,,CentralGrossReferenceGroupParticipant,CRGP,(BLOB),,
191,27/01/2004 00:00:00,,27/07/2007 12:47:58,GS:MSYS:REF     ,,StandardSettlementAccount,SSAC,(BLOB),,
192,27/01/2004 00:00:00,,27/07/2007 12:47:58,GS:MSYS:REF     ,,StandardSettlementComment,SSCM,(BLOB),,
193,27/01/2004 00:00:00,,27/07/2007 12:47:58,GS:MSYS:REF     ,,WorkStationUserSetting,WSUS,(BLOB),,
194,27/01/2004 00:00:00,,27/07/2007 12:47:58,GS:MSYS:REF     ,,SubdivisionClassification,SUCL,(BLOB),,
195,27/01/2004 00:00:00,,27/07/2007 12:47:58,GS:MSYS:REF     ,,SubdivisionStatistics,SUST,(BLOB),,
196,27/01/2004 00:00:00,,27/07/2007 12:47:58,GS:MSYS:REF     ,,BOOKCustodianExpirationDates,CUXD,(BLOB),,
197,27/01/2004 00:00:00,,27/07/2007 12:47:58,GS:MSYS:REF     ,,IADCCustodianExpirationDates,CUXD,(BLOB),,
198,27/01/2004 00:00:00,,27/07/2007 12:47:58,GS:MSYS:REF     ,,IAPRCustodianExpirationDates,CUXD,(BLOB),,
199,27/01/2004 00:00:00,,27/07/2007 12:47:58,GS:MSYS:REF     ,,INRECustodianExpirationDates,CUXD,(BLOB),,
200,27/01/2004 00:00:00,,27/07/2007 12:47:58,GS:MSYS:REF     ,,ENTRCustodianExpirationDates,CUXD,(BLOB),,
201,25/08/2003 18:46:31,,27/07/2007 12:47:58,GS:MSYS:REF     ,,AddressType,ADTP,(BLOB),,
202,25/08/2003 18:46:31,,27/07/2007 12:47:58,GS:MSYS:REF     ,,CentralCrossReference,CCRF,(BLOB),,
203,25/08/2003 18:46:31,,27/07/2007 12:47:58,GS:MSYS:REF     ,,CustomerCustomerRole,CCRL,(BLOB),,
204,25/08/2003 18:46:31,,27/07/2007 12:47:59,GS:MSYS:REF     ,,CustomerStatistic,CSST,(BLOB),,
205,25/08/2003 18:46:31,,27/07/2007 12:47:59,GS:MSYS:REF     ,,CustomerCharacteristic,CUCH,(BLOB),,
206,25/08/2003 18:46:31,,27/07/2007 12:47:59,GS:MSYS:REF     ,,CustomerClassification,CUCL,(BLOB),,
207,25/08/2003 18:46:31,,27/07/2007 12:47:59,GS:MSYS:REF     ,,CustomerGroupParticipant,CUGP,(BLOB),,
208,25/08/2003 18:46:31,,27/07/2007 12:47:59,GS:MSYS:REF     ,,CustomerGroup,CUGR,(BLOB),,
209,25/08/2003 18:46:31,,27/07/2007 12:47:59,GS:MSYS:REF     ,,CustomerIdentifier,CUID,(BLOB),,
210,25/08/2003 18:46:31,,27/07/2007 12:47:59,GS:MSYS:REF     ,,Customer,CUST,(BLOB),,
211,25/08/2003 18:46:31,,27/07/2007 12:47:59,GS:MSYS:REF     ,,CustomerType,CUTY,(BLOB),,
212,25/08/2003 18:46:31,,27/07/2007 12:47:59,GS:MSYS:REF     ,,ElectronicAddress,EADR,(BLOB),,
213,25/08/2003 18:46:31,,27/07/2007 12:47:59,GS:MSYS:REF     ,,MailingAddress,MADR,(BLOB),,
214,25/08/2003 18:46:31,,27/07/2007 12:47:59,GS:MSYS:REF     ,,AddressPurpose,ADPU,(BLOB),,
215,25/08/2003 18:46:31,,27/07/2007 12:47:59,GS:MSYS:REF     ,,ENTRProductLine,PLNE,(BLOB),,
216,25/08/2003 18:46:31,,27/07/2007 12:47:59,GS:MSYS:REF     ,,ENTRSubDivision,SUBD,(BLOB),,
217,25/08/2003 18:46:31,,27/07/2007 12:47:59,GS:MSYS:REF     ,,Registration,RGTN,(BLOB),,
218,25/08/2003 18:46:31,,27/07/2007 12:47:59,GS:MSYS:REF     ,,EnterpriseOptions,ENOP,(BLOB),,
219,25/08/2003 18:46:31,,27/07/2007 12:47:59,GS:MSYS:REF     ,,EnterpriseGroup,ENGR,(BLOB),,
220,25/08/2003 18:46:31,,27/07/2007 12:47:59,GS:MSYS:REF     ,,ENTREnterpriseGroupParticipant,ENGP,(BLOB),,
221,25/08/2003 18:46:31,,27/07/2007 12:47:59,GS:MSYS:REF     ,,ENTRBookOfAccounts,BOOK,(BLOB),,
222,25/08/2003 18:46:31,,27/07/2007 12:47:59,GS:MSYS:REF     ,,BOOKAccount,ACCT,(BLOB),,
223,25/08/2003 18:46:31,,27/07/2007 12:47:59,GS:MSYS:REF     ,,AccountGeographicUnit,ACGU,(BLOB),,
224,25/08/2003 18:46:31,,27/07/2007 12:47:59,GS:MSYS:REF     ,,ACCTCustomerAccountRole,CACR,(BLOB),,
225,25/08/2003 18:46:31,,27/07/2007 12:47:59,GS:MSYS:REF     ,,AccountGroupParticipant,ACGP,(BLOB),,
226,25/08/2003 18:46:31,,27/07/2007 12:47:59,GS:MSYS:REF     ,,AccountCarryCostValueTypeCmpnt,ACVC,(BLOB),,
380,05/09/2000 19:45:00,,27/07/2007 12:48:03,GS:MSYS:REF     ,,IssueActionEligibility,IAEL,(BLOB),,
381,05/09/2000 19:45:00,,27/07/2007 12:48:03,GS:MSYS:REF     ,,IADCIssueActionEvent,IAEV,(BLOB),,
382,05/09/2000 19:45:00,,27/07/2007 12:48:03,GS:MSYS:REF     ,,IssueActionInstitutionDataChange,IAFN,(BLOB),,
383,05/09/2000 19:45:00,,27/07/2007 12:48:03,GS:MSYS:REF     ,,IssueActionFractionSettlement,IAFS,(BLOB),,
384,05/09/2000 19:45:00,,27/07/2007 12:48:03,GS:MSYS:REF     ,,IssueActionTypeGroupPrt,IAGP,(BLOB),,
385,05/09/2000 19:45:00,,27/07/2007 12:48:03,GS:MSYS:REF     ,,IssueActionTypeGroup,IAGR,(BLOB),,
386,05/09/2000 19:45:00,,27/07/2007 12:48:03,GS:MSYS:REF     ,,IssueActionGeographicUnit,IAGU,(BLOB),,
388,05/09/2000 19:45:00,,27/07/2007 12:48:03,GS:MSYS:REF     ,,IssueActionIssueTransformationInfo,IAIT,(BLOB),,
389,05/09/2000 19:45:00,,27/07/2007 12:48:03,GS:MSYS:REF     ,,IssueActionOfferDetails,IAOF,(BLOB),,
390,05/09/2000 19:45:00,,27/07/2007 12:48:03,GS:MSYS:REF     ,,IssueActionStatistic,IASS,(BLOB),,
391,05/09/2000 19:45:00,,27/07/2007 12:48:03,GS:MSYS:REF     ,,IssueActionPrtTaxBasis,IATB,(BLOB),,
392,05/09/2000 19:45:00,,27/07/2007 12:48:03,GS:MSYS:REF     ,,IssueActionTaxCharacteristics,IATC,(BLOB),,
394,05/09/2000 19:45:00,,27/07/2007 12:48:03,GS:MSYS:REF     ,,IssueActionTaxTreatmentParticipant,IATT,(BLOB),,
397,05/09/2000 19:45:00,,27/07/2007 12:48:03,GS:MSYS:REF     ,,IssuerGroupParticipant,IRGP,(BLOB),,
398,05/09/2000 19:45:00,,27/07/2007 12:48:03,GS:MSYS:REF     ,,IssuerGroup,IRGR,(BLOB),,
400,05/09/2000 19:45:00,,27/07/2007 12:48:03,GS:MSYS:REF     ,,IssueMarketCapitalization,ISMC,(BLOB),,
401,05/09/2000 19:45:00,,27/07/2007 12:48:03,GS:MSYS:REF     ,,IssueTypeGroupParticipant,ITGP,(BLOB),,
402,05/09/2000 19:45:00,,27/07/2007 12:48:03,GS:MSYS:REF     ,,IssueTypeGroup,ITGR,(BLOB),,
403,05/09/2000 19:45:00,,27/07/2007 12:48:03,GS:MSYS:REF     ,,LegalAgreement,LAGR,(BLOB),,
404,05/09/2000 19:45:00,,27/07/2007 12:48:04,GS:MSYS:REF     ,,LegalProceedingsInformation,LPIN,(BLOB),,
405,05/09/2000 19:45:00,,27/07/2007 12:48:04,GS:MSYS:REF     ,,LegalProceedingsMeeting,LPMT,(BLOB),,
406,05/09/2000 19:45:00,,27/07/2007 12:48:04,GS:MSYS:REF     ,,LegalProceedingsPriority,LPPR,(BLOB),,
407,05/09/2000 19:45:00,,27/07/2007 12:48:04,GS:MSYS:REF     ,,LegalProceedingsParticipant,LPPT,(BLOB),,
408,05/09/2000 19:45:00,,27/07/2007 12:48:04,GS:MSYS:REF     ,,LegalProceedingsStage,LPSG,(BLOB),,
412,05/09/2000 19:45:00,,27/07/2007 12:48:04,GS:MSYS:REF     ,,FinsMarketCalendarParticipant,MKCA,(BLOB),,
413,05/09/2000 19:45:00,,27/07/2007 12:48:04,GS:MSYS:REF     ,,MarketingGroupParticipant,MKGP,(BLOB),,
414,05/09/2000 19:45:00,,27/07/2007 12:48:04,GS:MSYS:REF     ,,MarketRoleDefinition,MKRL,(BLOB),,
415,05/09/2000 19:45:00,,27/07/2007 12:48:04,GS:MSYS:REF     ,,FinancialMarketTradingSession,MKTS,(BLOB),,
416,05/09/2000 19:45:00,,27/07/2007 12:48:04,GS:MSYS:REF     ,,MuniCharacteristics,MNCH,(BLOB),,
417,05/09/2000 19:45:00,,27/07/2007 12:48:04,GS:MSYS:REF     ,,MuniEscrow,MNES,(BLOB),,
418,05/09/2000 19:45:00,,27/07/2007 12:48:04,GS:MSYS:REF     ,,MuniPurpose,MNPU,(BLOB),,
419,05/09/2000 19:45:00,,27/07/2007 12:48:04,GS:MSYS:REF     ,,MiscellaneousIssueCharacteristics,MSCH,(BLOB),,
423,05/09/2000 19:45:00,,27/07/2007 12:48:04,GS:MSYS:REF     ,,NLSCodeDefinition,NCDF,(BLOB),,
424,05/09/2000 19:45:00,,27/07/2007 12:48:04,GS:MSYS:REF     ,,ISSRNLSNameAndDescription,NLNM,(BLOB),,
425,05/09/2000 19:45:00,,27/07/2007 12:48:04,GS:MSYS:REF     ,,PriceComment,PCCM,(BLOB),,
427,05/09/2000 19:45:00,,27/07/2007 12:48:04,GS:MSYS:REF     ,,PricingOptions,PCOP,(BLOB),,
428,05/09/2000 19:45:00,,27/07/2007 12:48:04,GS:MSYS:REF     ,,PFTRProductFeatureAgreement,PFAG,(BLOB),,
429,05/09/2000 19:45:00,,27/07/2007 12:48:04,GS:MSYS:REF     ,,PreferredFinsRole,PFIN,(BLOB),,
431,05/09/2000 19:45:00,,27/07/2007 12:48:04,GS:MSYS:REF     ,,Product,PROD,(BLOB),,
432,05/09/2000 19:45:00,,27/07/2007 12:48:04,GS:MSYS:REF     ,,ProductParticipant,PROP,(BLOB),,
436,05/09/2000 19:45:00,,27/07/2007 12:48:04,GS:MSYS:REF     ,,RedemptionExtensionInformation,RDEX,(BLOB),,
437,05/09/2000 19:45:00,,27/07/2007 12:48:04,GS:MSYS:REF     ,,RedemptionPrematureRepaymentDates,RDPD,(BLOB),,
438,05/09/2000 19:45:00,,27/07/2007 12:48:04,GS:MSYS:REF     ,,RedemptionPrematureRepaymentInfo,RDPR,(BLOB),,
439,05/09/2000 19:45:00,,27/07/2007 12:48:04,GS:MSYS:REF     ,,RelatedSubdivision,RSUB,(BLOB),,
440,05/09/2000 19:45:00,,27/07/2007 12:48:05,GS:MSYS:REF     ,,SubdivisionAccountRole,SACR,(BLOB),,
442,05/09/2000 19:45:00,,27/07/2007 12:48:05,GS:MSYS:REF     ,,StandardSettlementInstructions,SSIS,(BLOB),,
443,05/09/2000 19:45:00,,27/07/2007 12:48:05,GS:MSYS:REF     ,,IssueStoppingListAgent,STPA,(BLOB),,
444,05/09/2000 19:45:00,,27/07/2007 12:48:05,GS:MSYS:REF     ,,IssueStoppingListCertificates,STPC,(BLOB),,
445,05/09/2000 19:45:00,,27/07/2007 12:48:05,GS:MSYS:REF     ,,IssueStoppingList,STPL,(BLOB),,
447,05/09/2000 19:45:00,,27/07/2007 12:48:05,GS:MSYS:REF     ,,SubdivisionGroupParticipant,SUGP,(BLOB),,
448,05/09/2000 19:45:00,,27/07/2007 12:48:05,GS:MSYS:REF     ,,SubdivisionGroup,SUGR,(BLOB),,
449,05/09/2000 19:45:00,,27/07/2007 12:48:05,GS:MSYS:REF     ,,SubdivisionGeographicUnit,SUGU,(BLOB),,
450,05/09/2000 19:45:00,,27/07/2007 12:48:05,GS:MSYS:REF     ,,SubdivisionAlternateIdentifier,SUID,(BLOB),,
451,05/09/2000 19:45:00,,27/07/2007 12:48:05,GS:MSYS:REF     ,,SubdivisionOptions,SUOP,(BLOB),,
452,05/09/2000 19:45:00,,27/07/2007 12:48:05,GS:MSYS:REF     ,,TableDefinition,TBDF,(BLOB),,
457,05/09/2000 19:45:00,,27/07/2007 12:48:05,GS:MSYS:REF     ,,TaxTreaty,TXTY,(BLOB),,
458,05/09/2000 19:45:00,,27/07/2007 12:48:05,GS:MSYS:REF     ,,TaxWithholding,TXWH,(BLOB),,
459,05/09/2000 19:45:00,,27/07/2007 12:48:05,GS:MSYS:REF     ,,TimeZoneDefinition,TZDF,(BLOB),,
460,05/09/2000 19:45:00,,27/07/2007 12:48:05,GS:MSYS:REF     ,,TimeZonePeriod,TZPD,(BLOB),,
461,05/09/2000 19:45:00,,27/07/2007 12:48:05,GS:MSYS:REF     ,,UnitOfDenomination,UNDM,(BLOB),,
462,05/09/2000 19:45:00,,27/07/2007 12:48:05,GS:MSYS:REF     ,,UnderwritingCharge,UWCG,(BLOB),,
463,05/09/2000 19:45:00,,27/07/2007 12:48:05,GS:MSYS:REF     ,,UnderwritingStatisticsbyGeoUnit,UWRG,(BLOB),,
464,05/09/2000 19:45:00,,27/07/2007 12:48:05,GS:MSYS:REF     ,,UnderwritingStatisticsbyIssueYear,UWYR,(BLOB),,
465,05/09/2000 19:45:00,,27/07/2007 12:48:05,GS:MSYS:REF     ,,VendorAnnouncement,VDAN,(BLOB),,
468,05/09/2000 19:45:00,,27/07/2007 12:48:05,GS:MSYS:REF     ,,IssueStatisticsByIssueYear,YRST,(BLOB),,
469,05/09/2000 19:45:00,,27/07/2007 12:48:05,GS:MSYS:REF     ,,AgreementOnAccountSweep,AASW,(BLOB),,
470,05/09/2000 19:45:00,,27/07/2007 12:48:05,GS:MSYS:REF     ,,AgrmntOnContractualValueDate,ACVD,(BLOB),,
472,05/09/2000 19:45:00,,27/07/2007 12:48:05,GS:MSYS:REF     ,,ACVDAgrmntContractValDateDetail,AGCV,(BLOB),,
473,05/09/2000 19:45:00,,27/07/2007 12:48:05,GS:MSYS:REF     ,,AgrmntOnSettlementCurrDetail,ASCD,(BLOB),,
474,05/09/2000 19:45:00,,27/07/2007 12:48:05,GS:MSYS:REF     ,,AgreementOnSettlementCurrency,ASCU,(BLOB),,
475,05/09/2000 19:45:00,,27/07/2007 12:48:05,GS:MSYS:REF     ,,ASINAgrmntOnStandingInstrucDtl,ASID,(BLOB),,
476,05/09/2000 19:45:00,,27/07/2007 12:48:05,GS:MSYS:REF     ,,AgreementOnStandingInstruc,ASIN,(BLOB),,
477,05/09/2000 19:45:00,,27/07/2007 12:48:06,GS:MSYS:REF     ,,TRAKAgreeOnTaxReclaimGeogUnit,ATRG,(BLOB),,
478,05/09/2000 19:45:00,,27/07/2007 12:48:06,GS:MSYS:REF     ,,ASCDCurrencyConversionRule,CCON,(BLOB),,
479,05/09/2000 19:45:00,,27/07/2007 12:48:06,GS:MSYS:REF     ,,CustomerIssueRole,CISR,(BLOB),,
482,05/09/2000 19:45:00,,27/07/2007 12:48:06,GS:MSYS:REF     ,,CustomerTransactionRole,CTRR,(BLOB),,
483,05/09/2000 19:45:00,,27/07/2007 12:48:06,GS:MSYS:REF     ,,CustomerComment,CUCM,(BLOB),,
485,05/09/2000 19:45:00,,27/07/2007 12:48:06,GS:MSYS:REF     ,,EmployeeEnterpriseGroupRole,EEGR,(BLOB),,
486,05/09/2000 19:45:00,,27/07/2007 12:48:06,GS:MSYS:REF     ,,EmployeeMarketingGroupRole,EMAR,(BLOB),,
487,05/09/2000 19:45:00,,27/07/2007 12:48:06,GS:MSYS:REF     ,,EmployeeEligibleRole,EMER,(BLOB),,
488,05/09/2000 19:45:00,,27/07/2007 12:48:06,GS:MSYS:REF     ,,EmployeeMarketRole,EMKR,(BLOB),,
489,05/09/2000 19:45:00,,27/07/2007 12:48:06,GS:MSYS:REF     ,,EmployeeRole,EMRL,(BLOB),,
490,05/09/2000 19:45:00,,27/07/2007 12:48:06,GS:MSYS:REF     ,,EmployeeProductRole,EPRR,(BLOB),,
491,05/09/2000 19:45:00,,27/07/2007 12:48:06,GS:MSYS:REF     ,,EmployeeRoleIdentifier,ERID,(BLOB),,
492,05/09/2000 19:45:00,,27/07/2007 12:48:06,GS:MSYS:REF     ,,MarketingGroup,MKGR,(BLOB),,
493,05/09/2000 19:45:00,,27/07/2007 12:48:06,GS:MSYS:REF     ,,ProductGroupParticipant,PDGP,(BLOB),,
494,05/09/2000 19:45:00,,27/07/2007 12:48:06,GS:MSYS:REF     ,,ProductGroup,PDGR,(BLOB),,
495,05/09/2000 19:45:00,,27/07/2007 12:48:06,GS:MSYS:REF     ,,ProductFeature,PFTR,(BLOB),,
496,05/09/2000 19:45:00,,27/07/2007 12:48:06,GS:MSYS:REF     ,,ProductLineMktGrpParticipant,PLMP,(BLOB),,
497,05/09/2000 19:45:00,,27/07/2007 12:48:06,GS:MSYS:REF     ,,ProductLineStatistic,PLST,(BLOB),,
498,05/09/2000 19:45:00,,27/07/2007 12:48:06,GS:MSYS:REF     ,,ProductCorrespondParticipant,PRCP,(BLOB),,
499,05/09/2000 19:45:00,,27/07/2007 12:48:06,GS:MSYS:REF     ,,ProductLineParticipant,PRLP,(BLOB),,
500,05/09/2000 19:45:00,,27/07/2007 12:48:06,GS:MSYS:REF     ,,ProductPurchase,PRPU,(BLOB),,
501,05/09/2000 19:45:00,,27/07/2007 12:48:06,GS:MSYS:REF     ,,ProductStatistic,PRST,(BLOB),,
502,05/09/2000 19:45:00,,27/07/2007 12:48:06,GS:MSYS:REF     ,,SubdivisionCustomerRole,SUCR,(BLOB),,
505,05/09/2000 19:45:00,,27/07/2007 12:48:06,GS:MSYS:REF     ,,AgreementOnTaxReclaim,TRAK,(BLOB),,
506,05/09/2000 19:45:00,,27/07/2007 12:48:06,GS:MSYS:REF     ,,TaxExemption,TXEM,(BLOB),,
510,05/09/2000 19:45:00,,27/07/2007 12:48:06,GS:MSYS:REF     ,,ACTPAccountAlternateIdentifier,ACID,(BLOB),,
511,05/09/2000 19:45:00,,27/07/2007 12:48:06,GS:MSYS:REF     ,,ISSUAccrualOptions,AROP,(BLOB),,
512,05/09/2000 19:45:00,,27/07/2007 12:48:07,GS:MSYS:REF     ,,CUSTCustomerAccountGroupRole,CAGR,(BLOB),,
513,05/09/2000 19:45:00,,27/07/2007 12:48:07,GS:MSYS:REF     ,,ACCTCustomerGroupAccountRole,CGAR,(BLOB),,
514,05/09/2000 19:45:00,,27/07/2007 12:48:07,GS:MSYS:REF     ,,INREDefaultIndustryRlshp,DINR,(BLOB),,
515,05/09/2000 19:45:00,,27/07/2007 12:48:07,GS:MSYS:REF     ,,CUGREmployeeCustomerGroupRole,ECGR,(BLOB),,
516,05/09/2000 19:45:00,,27/07/2007 12:48:07,GS:MSYS:REF     ,,CUSTEmployeeCustomerRole,ECUR,(BLOB),,
517,05/09/2000 19:45:00,,27/07/2007 12:48:07,GS:MSYS:REF     ,,ACCTEmployeeGroupAccountRole,EGAR,(BLOB),,
518,05/09/2000 19:45:00,,27/07/2007 12:48:07,GS:MSYS:REF     ,,FINSFinancialInstitutionGroupPrt,FIGP,(BLOB),,
519,05/09/2000 19:45:00,,27/07/2007 12:48:07,GS:MSYS:REF     ,,FINRFinsRoleGroupParticipant,FRGP,(BLOB),,
520,05/09/2000 19:45:00,,27/07/2007 12:48:07,GS:MSYS:REF     ,,IATYIssueActionTypeGroupPrt,IAGP,(BLOB),,
521,05/09/2000 19:45:00,,27/07/2007 12:48:07,GS:MSYS:REF     ,,ISSRIssuerGroupParticipant,IRGP,(BLOB),,
522,05/09/2000 19:45:00,,27/07/2007 12:48:07,GS:MSYS:REF     ,,ISTYIssueTypeGroupParticipant,ITGP,(BLOB),,
523,05/09/2000 19:45:00,,27/07/2007 12:48:07,GS:MSYS:REF     ,,IADCNLSNameAndDescription,NLNM,(BLOB),,
524,05/09/2000 19:45:00,,27/07/2007 12:48:07,GS:MSYS:REF     ,,PRAGProductFeatureAgreement,PFAG,(BLOB),,
525,05/09/2000 19:45:00,,27/07/2007 12:48:07,GS:MSYS:REF     ,,PFTRProductParticipant,PROP,(BLOB),,
526,05/09/2000 19:45:00,,27/07/2007 12:48:07,GS:MSYS:REF     ,,SUBDSubdivisionGroupParticipant,SUGP,(BLOB),,
527,05/09/2000 19:45:00,,27/07/2007 12:48:07,GS:MSYS:REF     ,,ACCTTaxWithholding,TXWH,(BLOB),,
528,05/09/2000 19:45:00,,27/07/2007 12:48:07,GS:MSYS:REF     ,,MKGREmployeeMarketingGroupRole,EMAR,(BLOB),,
529,05/09/2000 19:45:00,,27/07/2007 12:48:07,GS:MSYS:REF     ,,MKGRProductLineMktGrpParticipant,PLMP,(BLOB),,
530,05/09/2000 19:45:00,,27/07/2007 12:48:07,GS:MSYS:REF     ,,ACCTProductPurchase,PRPU,(BLOB),,
531,05/09/2000 19:45:00,,27/07/2007 12:48:07,GS:MSYS:REF     ,,CUSTProductPurchase,PRPU,(BLOB),,
532,05/09/2000 19:45:00,,27/07/2007 12:48:07,GS:MSYS:REF     ,,ACGRTaxExemption,TXEM,(BLOB),,
533,05/09/2000 19:45:00,,27/07/2007 12:48:07,GS:MSYS:REF     ,,CUSTTaxExemption,TXEM,(BLOB),,
534,05/09/2000 19:45:00,,27/07/2007 12:48:07,GS:MSYS:REF     ,,FinsFinsRole,FFRL,(BLOB),,
535,05/09/2000 19:45:00,,27/07/2007 12:48:07,GS:MSYS:REF     ,,ENTRCentralCrossReference,CCRF,(BLOB),,
538,05/09/2000 19:45:00,,27/07/2007 12:48:07,GS:MSYS:REF     ,,MailingAddressDuration,ADDU,(BLOB),,
539,05/09/2000 19:45:00,,27/07/2007 12:48:07,GS:MSYS:REF     ,,ElectronicAddressDuration,ADDU,(BLOB),,
540,05/09/2000 19:45:00,,27/07/2007 12:48:07,GS:MSYS:REF     ,,ElectronicAddressPreference,EAPR,(BLOB),,
541,05/09/2000 19:45:00,,27/07/2007 12:48:08,GS:MSYS:REF     ,,EnterpriseGroupParticipant,ENGP,(BLOB),,
542,05/09/2000 19:45:00,,27/07/2007 12:48:08,GS:MSYS:REF     ,,ACCTCentralCrossReference,CCRF,(BLOB),,
543,05/09/2000 19:45:00,,27/07/2007 12:48:08,GS:MSYS:REF     ,,IssueActionPrtTaxCharacteristics,IATP,(BLOB),,
544,04/12/2003 21:19:53,,27/07/2007 12:48:08,GS:MSYS:REF     ,,PLNEAccountAmortAccreteOptions,AACO,(BLOB),,
545,04/12/2003 21:19:53,,27/07/2007 12:48:08,GS:MSYS:REF     ,,ArchivePurgeInstructions,AAPI,(BLOB),,
546,04/12/2003 21:19:53,,27/07/2007 12:48:08,GS:MSYS:REF     ,,AccountingBasisDefinition,ABDF,(BLOB),,
547,04/12/2003 21:19:54,,27/07/2007 12:48:08,GS:MSYS:REF     ,,AccountBankcardInformation,ABKI,(BLOB),,
548,04/12/2003 21:19:54,,27/07/2007 12:48:08,GS:MSYS:REF     ,,AccountComment,ACCM,(BLOB),,
549,04/12/2003 21:19:54,,27/07/2007 12:48:08,GS:MSYS:REF     ,,AccountCashOptions,ACCO,(BLOB),,
550,04/12/2003 21:19:55,,27/07/2007 12:48:08,GS:MSYS:REF     ,,AccountCorrespondParticipant,ACCP,(BLOB),,
551,04/12/2003 21:19:55,,27/07/2007 12:48:08,GS:MSYS:REF     ,,AccountValuation,ACCV,(BLOB),,
552,04/12/2003 21:19:55,,27/07/2007 12:48:08,GS:MSYS:REF     ,,AccountDetails,ACDL,(BLOB),,
553,04/12/2003 21:19:56,,27/07/2007 12:48:08,GS:MSYS:REF     ,,AccountIssueActionInstruction,ACIN,(BLOB),,
555,04/12/2003 21:19:56,,27/07/2007 12:48:08,GS:MSYS:REF     ,,LAGRAccountAgreementParticipant,ACLP,(BLOB),,
556,04/12/2003 21:19:57,,27/07/2007 12:48:08,GS:MSYS:REF     ,,AccountContactAssignment,ACTA,(BLOB),,
557,04/12/2003 21:19:57,,27/07/2007 12:48:08,GS:MSYS:REF     ,,EMGRAccountContactAssignment,ACTA,(BLOB),,
558,04/12/2003 21:19:58,,27/07/2007 12:48:08,GS:MSYS:REF     ,,EMPLAccountContactAssignment,ACTA,(BLOB),,
559,04/12/2003 21:19:58,,27/07/2007 12:48:08,GS:MSYS:REF     ,,EMRLAccountContactAssignment,ACTA,(BLOB),,
560,04/12/2003 21:19:58,,27/07/2007 12:48:08,GS:MSYS:REF     ,,FPROAccountContactAssignment,ACTA,(BLOB),,
561,04/12/2003 21:19:59,,27/07/2007 12:48:08,GS:MSYS:REF     ,,AccountTaxForm,ACTF,(BLOB),,
562,04/12/2003 21:19:59,,27/07/2007 12:48:08,GS:MSYS:REF     ,,PLNEAccountTaxForm,ACTF,(BLOB),,
563,04/12/2003 21:19:59,,27/07/2007 12:48:08,GS:MSYS:REF     ,,AccountTaxInformation,ACTI,(BLOB),,
564,04/12/2003 21:20:00,,27/07/2007 12:48:08,GS:MSYS:REF     ,,PLNEAccountTaxInformation,ACTI,(BLOB),,
565,04/12/2003 21:20:00,,27/07/2007 12:48:08,GS:MSYS:REF     ,,AccountDocumentHistory,ADCH,(BLOB),,
566,04/12/2003 21:20:01,,27/07/2007 12:48:08,GS:MSYS:REF     ,,AddressFormat,ADFM,(BLOB),,
567,04/12/2003 21:20:01,,27/07/2007 12:48:08,GS:MSYS:REF     ,,AccountDocument,ADOC,(BLOB),,
568,04/12/2003 21:20:01,,27/07/2007 12:48:08,GS:MSYS:REF     ,,ACGRAccountDocument,ADOC,(BLOB),,
569,04/12/2003 21:20:02,,27/07/2007 12:48:09,GS:MSYS:REF     ,,AccountBankDraftInformation,ADRF,(BLOB),,
570,04/12/2003 21:20:02,,27/07/2007 12:48:09,GS:MSYS:REF     ,,AccountExternalAccountRole,AEAR,(BLOB),,
571,04/12/2003 21:20:02,,27/07/2007 12:48:09,GS:MSYS:REF     ,,AgreementOnIssactForecast,AGFO,(BLOB),,
572,04/12/2003 21:20:03,,27/07/2007 12:48:09,GS:MSYS:REF     ,,AccountIssueActionDetail,AIAD,(BLOB),,
573,04/12/2003 21:20:03,,27/07/2007 12:48:09,GS:MSYS:REF     ,,AccountLetterofIntent,ALOI,(BLOB),,
574,04/12/2003 21:20:04,,27/07/2007 12:48:09,GS:MSYS:REF     ,,AverageMatrixPriceParticipant,AMXP,(BLOB),,
575,04/12/2003 21:20:04,,27/07/2007 12:48:09,GS:MSYS:REF     ,,PCMXAverageMatrixPriceParticipant,AMXP,(BLOB),,
576,04/12/2003 21:20:04,,27/07/2007 12:48:09,GS:MSYS:REF     ,,AccountPreAuthorizedDraft,APAD,(BLOB),,
577,04/12/2003 21:20:05,,27/07/2007 12:48:09,GS:MSYS:REF     ,,ElectronicAccountPreAuthorizedDraft,APAD,(BLOB),,
578,04/12/2003 21:20:05,,27/07/2007 12:48:09,GS:MSYS:REF     ,,AccountStandardStatistics,ASST,(BLOB),,
582,04/12/2003 21:20:07,,27/07/2007 12:48:09,GS:MSYS:REF     ,,AverageMatrixPrice,AVMX,(BLOB),,
583,04/12/2003 21:20:07,,27/07/2007 12:48:09,GS:MSYS:REF     ,,AccountTaxStatistics,AXST,(BLOB),,
584,04/12/2003 21:20:08,,27/07/2007 12:48:09,GS:MSYS:REF     ,,DealerBranchAlternateIdentifier,BRID,(BLOB),,
585,04/12/2003 21:20:08,,27/07/2007 12:48:09,GS:MSYS:REF     ,,CADFCalendarDateParticipant,CADP,(BLOB),,
586,04/12/2003 21:20:08,,27/07/2007 12:48:09,GS:MSYS:REF     ,,DTDFCalendarDateParticipant,CADP,(BLOB),,
587,04/12/2003 21:20:09,,27/07/2007 12:48:09,GS:MSYS:REF     ,,FirmCustomerContactAssignment,CCTA,(BLOB),,
588,04/12/2003 21:20:10,,27/07/2007 12:48:09,GS:MSYS:REF     ,,CustomerContactAssignment,CCTA,(BLOB),,
589,04/12/2003 21:20:10,,27/07/2007 12:48:09,GS:MSYS:REF     ,,EMGRCustomerContactAssignment,CCTA,(BLOB),,
590,04/12/2003 21:20:10,,27/07/2007 12:48:09,GS:MSYS:REF     ,,EMPLCustomerContactAssignment,CCTA,(BLOB),,
591,04/12/2003 21:20:11,,27/07/2007 12:48:09,GS:MSYS:REF     ,,EMRLCustomerContactAssignment,CCTA,(BLOB),,
592,04/12/2003 21:20:11,,27/07/2007 12:48:09,GS:MSYS:REF     ,,FPROCustomerContactAssignment,CCTA,(BLOB),,
593,04/12/2003 21:20:12,,27/07/2007 12:48:09,GS:MSYS:REF     ,,CrossEnterpriseDefaultAccount,CEDA,(BLOB),,
594,04/12/2003 21:20:12,,27/07/2007 12:48:09,GS:MSYS:REF     ,,ConsultingFirmAlternateIdentifier,CFID,(BLOB),,
595,04/12/2003 21:20:12,,27/07/2007 12:48:09,GS:MSYS:REF     ,,EADRConsultingFirm,CFRM,(BLOB),,
596,04/12/2003 21:20:13,,27/07/2007 12:48:09,GS:MSYS:REF     ,,MADRConsultingFirm,CFRM,(BLOB),,
597,04/12/2003 21:20:13,,27/07/2007 12:48:09,GS:MSYS:REF     ,,CstdnIssactProcedureDetail,CIPD,(BLOB),,
598,04/12/2003 21:20:13,,27/07/2007 12:48:10,GS:MSYS:REF     ,,CstdnIssactParticipantDetail,CIPR,(BLOB),,
599,04/12/2003 21:20:14,,27/07/2007 12:48:10,GS:MSYS:REF     ,,InboundClearingMessage,CLIN,(BLOB),,
600,04/12/2003 21:20:14,,27/07/2007 12:48:10,GS:MSYS:REF     ,,ClearanceInstruction,CLMN,(BLOB),,
601,04/12/2003 21:20:15,,27/07/2007 12:48:10,GS:MSYS:REF     ,,OutboundClearingMessage,CLOT,(BLOB),,
602,04/12/2003 21:20:15,,27/07/2007 12:48:10,GS:MSYS:REF     ,,CompanyStatisticsByGeoUnit,COSG,(BLOB),,
603,04/12/2003 21:20:15,,27/07/2007 12:48:10,GS:MSYS:REF     ,,CompanyStatisticsByProduct,COSP,(BLOB),,
604,04/12/2003 21:20:16,,27/07/2007 12:48:10,GS:MSYS:REF     ,,ACCTCrossRefCrossRefRole,CRCR,(BLOB),,
605,04/12/2003 21:20:16,,27/07/2007 12:48:10,GS:MSYS:REF     ,,ACGRCrossRefCrossRefRole,CRCR,(BLOB),,
606,04/12/2003 21:20:16,,27/07/2007 12:48:10,GS:MSYS:REF     ,,CNTCCrossRefCrossRefRole,CRCR,(BLOB),,
607,04/12/2003 21:20:17,,27/07/2007 12:48:10,GS:MSYS:REF     ,,CUSTCrossRefCrossRefRole,CRCR,(BLOB),,
608,04/12/2003 21:20:17,,27/07/2007 12:48:10,GS:MSYS:REF     ,,CrossRefCrossRefRole,CRCR,(BLOB),,
609,04/12/2003 21:20:18,,27/07/2007 12:48:10,GS:MSYS:REF     ,,ENTRCrossRefCrossRefRole,CRCR,(BLOB),,
610,04/12/2003 21:20:18,,27/07/2007 12:48:10,GS:MSYS:REF     ,,FINSCrossRefCrossRefRole,CRCR,(BLOB),,
611,04/12/2003 21:20:18,,27/07/2007 12:48:10,GS:MSYS:REF     ,,ACCTCashSweepVehicle,CSHV,(BLOB),,
612,04/12/2003 21:20:19,,27/07/2007 12:48:10,GS:MSYS:REF     ,,ISSUCashSweepVehicle,CSHV,(BLOB),,
613,04/12/2003 21:20:19,,27/07/2007 12:48:10,GS:MSYS:REF     ,,CarryCostValCmpntDefinition,CVCD,(BLOB),,
614,04/12/2003 21:20:19,,27/07/2007 12:48:10,GS:MSYS:REF     ,,DocumentDefinition,DCDF,(BLOB),,
615,04/12/2003 21:20:20,,27/07/2007 12:48:10,GS:MSYS:REF     ,,DealerRepParticipant,DDRP,(BLOB),,
227,25/08/2003 18:46:31,,27/07/2007 12:47:59,GS:MSYS:REF     ,,AccountAlternateCurrency,ACAC,(BLOB),,
228,25/08/2003 18:46:31,,27/07/2007 12:47:59,GS:MSYS:REF     ,,EmployeeIdentifier,EMID,(BLOB),,
229,25/08/2003 18:46:31,,27/07/2007 12:47:59,GS:MSYS:REF     ,,EmployeeAccountGroupRole,EAGR,(BLOB),,
230,25/08/2003 18:46:31,,27/07/2007 12:47:59,GS:MSYS:REF     ,,EmployeeAccountRole,EACR,(BLOB),,
231,25/08/2003 18:46:31,,27/07/2007 12:47:59,GS:MSYS:REF     ,,EmployeeGroupParticipant,EMGP,(BLOB),,
232,25/08/2003 18:46:31,,27/07/2007 12:48:00,GS:MSYS:REF     ,,Enterprise,ENTR,(BLOB),,
233,25/08/2003 18:46:31,,27/07/2007 12:48:00,GS:MSYS:REF     ,,AccountGroup,ACGR,(BLOB),,
234,25/08/2003 18:46:31,,27/07/2007 12:48:00,GS:MSYS:REF     ,,AccountOptions,ACOP,(BLOB),,
235,25/08/2003 18:46:32,,27/07/2007 12:48:00,GS:MSYS:REF     ,,AccountType,ACTP,(BLOB),,
236,25/08/2003 18:46:32,,27/07/2007 12:48:00,GS:MSYS:REF     ,,AccountCarryCostValueType,ACVT,(BLOB),,
237,25/08/2003 18:46:32,,27/07/2007 12:48:00,GS:MSYS:REF     ,,Employee,EMPL,(BLOB),,
238,25/08/2003 18:46:32,,27/07/2007 12:48:00,GS:MSYS:REF     ,,EmployeeGroup,EMGR,(BLOB),,
239,25/08/2003 18:46:32,,27/07/2007 12:48:00,GS:MSYS:REF     ,,IndustryRelationship,INRE,(BLOB),,
240,25/08/2003 18:46:32,,27/07/2007 12:48:00,GS:MSYS:REF     ,,PricingPreference,PCPF,(BLOB),,
241,25/08/2003 18:46:32,,27/07/2007 12:48:00,GS:MSYS:REF     ,,AccountStatistic,ACST,(BLOB),,
242,25/08/2003 18:46:32,,27/07/2007 12:48:00,GS:MSYS:REF     ,,CustomerGeographicUnit,CUGU,(BLOB),,
243,11/08/2003 14:29:55,,27/07/2007 12:48:00,GS:MSYS:REF     ,,IssueGeneralComment,GNCM,(BLOB),,
244,11/08/2003 14:29:55,,27/07/2007 12:48:00,GS:MSYS:REF     ,,FinancialInstitutionGeoUnitPrt,FIGU,(BLOB),,
245,11/08/2003 14:29:55,,27/07/2007 12:48:00,GS:MSYS:REF     ,,FinancialInstitutionClassification,FICL,(BLOB),,
246,11/08/2003 14:29:55,,27/07/2007 12:48:00,GS:MSYS:REF     ,,FinancialInstitutionDescription,FIDE,(BLOB),,
247,11/08/2003 14:29:55,,27/07/2007 12:48:00,GS:MSYS:REF     ,,EventCharacteristics,EVCH,(BLOB),,
248,27/01/2004 00:00:00,,27/07/2007 12:48:00,GS:MSYS:REF     ,,ISSUCustodianExpirationDates,CUXD,(BLOB),,
249,27/01/2004 00:00:00,,27/07/2007 12:48:00,GS:MSYS:REF     ,,IRGUCustodianExpirationDates,CUXD,(BLOB),,
250,27/01/2004 00:00:00,,27/07/2007 12:48:00,GS:MSYS:REF     ,,PLNECustodianExpirationDates,CUXD,(BLOB),,
251,27/01/2004 00:00:00,,27/07/2007 12:48:00,GS:MSYS:REF     ,,ExtensionTableDeveloper,ETDF,(BLOB),,
252,27/01/2004 00:00:00,,27/07/2007 12:48:00,GS:MSYS:REF     ,,GeographicUnitGroupParticipant,GUGP,(BLOB),,
253,27/01/2004 00:00:00,,27/07/2007 12:48:00,GS:MSYS:REF     ,,GeographicUnitGroup,GUGR,(BLOB),,
254,27/01/2004 00:00:00,,27/07/2007 12:48:00,GS:MSYS:REF     ,,GeographicUnitLanguageParticipant,GUNL,(BLOB),,
255,27/01/2004 00:00:00,,27/07/2007 12:48:00,GS:MSYS:REF     ,,GeographicUnitTimeZoneParticipant,GUTZ,(BLOB),,
256,27/01/2004 00:00:00,,27/07/2007 12:48:00,GS:MSYS:REF     ,,TradeLimitInstruction,TRLM,(BLOB),,
257,27/01/2004 00:00:00,,27/07/2007 12:48:00,GS:MSYS:REF     ,,GUNTGeographicUnitGroupParticipant,GUGP,(BLOB),,
258,27/01/2004 00:00:00,,27/07/2007 12:48:00,GS:MSYS:REF     ,,PurgeControl,PGTB,(BLOB),,
259,27/01/2004 00:00:00,,27/07/2007 12:48:00,GS:MSYS:REF     ,,PurgeRestriction,PRTB,(BLOB),,
260,27/01/2004 00:00:00,,27/07/2007 12:48:00,GS:MSYS:REF     ,,XMLConfiguration,XCFG,(BLOB),,
261,04/02/2004 00:00:00,,27/07/2007 12:48:01,GS:MSYS:REF     ,,PrincipalEventDefReplace,PEDF,(BLOB),,D
262,04/02/2004 00:00:00,,27/07/2007 12:48:01,GS:MSYS:REF     ,,IncomeEventDefReplace,IEDF,(BLOB),,D
263,19/04/2004 15:27:54,,27/07/2007 12:48:01,GS:MSYS:REF     ,,IDMVExternalDomainValue,EDMV,(BLOB),,
264,19/04/2004 15:27:54,,27/07/2007 12:48:01,GS:MSYS:REF     ,,ExternalFieldDefinition,EFLD,(BLOB),,
265,19/04/2004 15:27:54,,27/07/2007 12:48:01,GS:MSYS:REF     ,,ExternalFieldMapping,EFLM,(BLOB),,
266,19/04/2004 15:27:54,,27/07/2007 12:48:01,GS:MSYS:REF     ,,ExternalDomainValue,EDMV,(BLOB),,
267,19/04/2004 15:27:54,,27/07/2007 12:48:01,GS:MSYS:REF     ,,ExternalIssueType,EIST,(BLOB),,
268,19/04/2004 15:27:54,,27/07/2007 12:48:01,GS:MSYS:REF     ,,ExternalIssueActionType,EIAT,(BLOB),,
269,19/04/2004 15:27:54,,27/07/2007 12:48:01,GS:MSYS:REF     ,,IssueTypeCode,ISCD,(BLOB),,
300,05/09/2000 19:45:00,,27/07/2007 12:48:01,GS:MSYS:REF     ,,AccountClassification,ACCL,(BLOB),,
301,19/04/2004 15:27:54,,27/07/2007 12:48:01,GS:MSYS:REF     ,,IssueActionTypeCode,IACD,(BLOB),,
302,05/09/2000 19:45:00,,27/07/2007 12:48:01,GS:MSYS:REF     ,,AccountAccountRole,ACCR,(BLOB),,
303,05/09/2000 19:45:00,,27/07/2007 12:48:01,GS:MSYS:REF     ,,AccountFiduciaryInformation,ACFN,(BLOB),,
304,05/09/2000 19:45:00,,27/07/2007 12:48:01,GS:MSYS:REF     ,,AccountAlternateIdentifier,ACID,(BLOB),,
305,19/04/2004 15:27:54,,27/07/2007 12:48:01,GS:MSYS:REF     ,,IACDExternalIssueActionType,EIAT,(BLOB),,
306,05/09/2000 19:45:00,,27/07/2007 12:48:01,GS:MSYS:REF     ,,CapitalGainLossHoldingPeriod,GLHP,(BLOB),,
307,05/09/2000 19:45:00,,27/07/2007 12:48:01,GS:MSYS:REF     ,,AlternateIdentifier,ALID,(BLOB),,
308,05/09/2000 19:45:00,,27/07/2007 12:48:01,GS:MSYS:REF     ,,CapitalGainLossLedgers,GLLG,(BLOB),,
309,05/09/2000 19:45:00,,27/07/2007 12:48:01,GS:MSYS:REF     ,,ApplicationDefinition,APDF,(BLOB),,
311,05/09/2000 19:45:00,,27/07/2007 12:48:01,GS:MSYS:REF     ,,AccrualOptions,AROP,(BLOB),,
313,05/09/2000 19:45:00,,27/07/2007 12:48:01,GS:MSYS:REF     ,,AccountTypeGroupParticipant,AYGP,(BLOB),,
314,05/09/2000 19:45:00,,27/07/2007 12:48:01,GS:MSYS:REF     ,,AccountTypeGroup,AYGR,(BLOB),,
315,05/09/2000 19:45:00,,27/07/2007 12:48:01,GS:MSYS:REF     ,,BeneficiaryInformation,BNIN,(BLOB),,
316,05/09/2000 19:45:00,,27/07/2007 12:48:01,GS:MSYS:REF     ,,CalendarDefinition,CADF,(BLOB),,
318,05/09/2000 19:45:00,,27/07/2007 12:48:01,GS:MSYS:REF     ,,CustomerAccountGroupRole,CAGR,(BLOB),,
319,05/09/2000 19:45:00,,27/07/2007 12:48:01,GS:MSYS:REF     ,,CustomerGroupAccountRole,CGAR,(BLOB),,
322,05/09/2000 19:45:00,,27/07/2007 12:48:01,GS:MSYS:REF     ,,CustomerAgreementRole,CLAR,(BLOB),,
323,05/09/2000 19:45:00,,27/07/2007 12:48:01,GS:MSYS:REF     ,,LoanMarginRestriction,CMPP,(BLOB),,
324,05/09/2000 19:45:00,,27/07/2007 12:48:02,GS:MSYS:REF     ,,ContributionDefinition,CODF,(BLOB),,
325,05/09/2000 19:45:00,,27/07/2007 12:48:02,GS:MSYS:REF     ,,CompanyMeetingAgendaItem,COMA,(BLOB),,
326,05/09/2000 19:45:00,,27/07/2007 12:48:02,GS:MSYS:REF     ,,CompanyMeetingInstrument,COMI,(BLOB),,
327,05/09/2000 19:45:00,,27/07/2007 12:48:02,GS:MSYS:REF     ,,CompanyMeetingParticipant,COMP,(BLOB),,
328,05/09/2000 19:45:00,,27/07/2007 12:48:02,GS:MSYS:REF     ,,CompanyMeeting,COMT,(BLOB),,
330,05/09/2000 19:45:00,,27/07/2007 12:48:02,GS:MSYS:REF     ,,CustomerRestriction,CRST,(BLOB),,
332,05/09/2000 19:45:00,,27/07/2007 12:48:02,GS:MSYS:REF     ,,CustodianIssueActionDetails,CUIA,(BLOB),,
333,05/09/2000 19:45:00,,27/07/2007 12:48:02,GS:MSYS:REF     ,,CustomerRating,CURT,(BLOB),,
336,05/09/2000 19:45:00,,27/07/2007 12:48:02,GS:MSYS:REF     ,,DefaultIndustryRlshp,DINR,(BLOB),,
338,05/09/2000 19:45:00,,27/07/2007 12:48:02,GS:MSYS:REF     ,,DateDefinition,DTDF,(BLOB),,
342,05/09/2000 19:45:00,,27/07/2007 12:48:02,GS:MSYS:REF     ,,EmployeeCustomerGroupRole,ECGR,(BLOB),,
343,05/09/2000 19:45:00,,27/07/2007 12:48:02,GS:MSYS:REF     ,,EnterpriseCustomerRole,ECRL,(BLOB),,
344,05/09/2000 19:45:00,,27/07/2007 12:48:02,GS:MSYS:REF     ,,EmployeeCustomerRole,ECUR,(BLOB),,
345,05/09/2000 19:45:00,,27/07/2007 12:48:02,GS:MSYS:REF     ,,EmployeeEmployeeRole,EEMR,(BLOB),,
346,05/09/2000 19:45:00,,27/07/2007 12:48:02,GS:MSYS:REF     ,,EnterpriseEnterpriseRole,EERL,(BLOB),,
347,05/09/2000 19:45:00,,27/07/2007 12:48:02,GS:MSYS:REF     ,,EmployeeGroupAccountRole,EGAR,(BLOB),,
348,05/09/2000 19:45:00,,27/07/2007 12:48:02,GS:MSYS:REF     ,,EnterpriseCalendarParticipant,ENCA,(BLOB),,
349,05/09/2000 19:45:00,,27/07/2007 12:48:02,GS:MSYS:REF     ,,EnterpriseGeographicUnit,ENGU,(BLOB),,
350,05/09/2000 19:45:00,,27/07/2007 12:48:02,GS:MSYS:REF     ,,EnterpriseAlternateIdentifier,ENID,(BLOB),,
351,05/09/2000 19:45:00,,27/07/2007 12:48:02,GS:MSYS:REF     ,,EmployeeSubdivisionRole,ESBR,(BLOB),,
354,05/09/2000 19:45:00,,27/07/2007 12:48:02,GS:MSYS:REF     ,,FinancialInstitutionGroupPrt,FIGP,(BLOB),,
355,05/09/2000 19:45:00,,27/07/2007 12:48:02,GS:MSYS:REF     ,,FinancialInstitutionGroup,FIGR,(BLOB),,
356,05/09/2000 19:45:00,,27/07/2007 12:48:02,GS:MSYS:REF     ,,FinancialInstitutionRating,FIRT,(BLOB),,
357,05/09/2000 19:45:00,,27/07/2007 12:48:02,GS:MSYS:REF     ,,FundCharge,FNCG,(BLOB),,
358,05/09/2000 19:45:00,,27/07/2007 12:48:02,GS:MSYS:REF     ,,FundingSource,FNSC,(BLOB),,
359,05/09/2000 19:45:00,,27/07/2007 12:48:02,GS:MSYS:REF     ,,FundSubscriptionRedemptionCriteria,FNSR,(BLOB),,
360,05/09/2000 19:45:00,,27/07/2007 12:48:02,GS:MSYS:REF     ,,FundInvestmentCriteriaDetail,FNVD,(BLOB),,
361,05/09/2000 19:45:00,,27/07/2007 12:48:02,GS:MSYS:REF     ,,FundInstrumentCriteria,FNVS,(BLOB),,
363,05/09/2000 19:45:00,,27/07/2007 12:48:02,GS:MSYS:REF     ,,FinsRoleGroupParticipant,FRGP,(BLOB),,
364,05/09/2000 19:45:00,,27/07/2007 12:48:03,GS:MSYS:REF     ,,FinsRoleGroup,FRGR,(BLOB),,
365,05/09/2000 19:45:00,,27/07/2007 12:48:03,GS:MSYS:REF     ,,FinsRoleIssueActionParticipant,FRIA,(BLOB),,
366,05/09/2000 19:45:00,,27/07/2007 12:48:03,GS:MSYS:REF     ,,FinsRoleStatistic,FRST,(BLOB),,
371,05/09/2000 19:45:00,,27/07/2007 12:48:03,GS:MSYS:REF     ,,GUNTGeographicUnitRelationship,GURE,(BLOB),,
372,05/09/2000 19:45:00,,27/07/2007 12:48:03,GS:MSYS:REF     ,,GUSTGeographicUnitStatistic,GUST,(BLOB),,
374,05/09/2000 19:45:00,,27/07/2007 12:48:03,GS:MSYS:REF     ,,IssueActionCapitalDataChange,IACC,(BLOB),,
375,05/09/2000 19:45:00,,27/07/2007 12:48:03,GS:MSYS:REF     ,,IssueCertificateCoupon,IACF,(BLOB),,
376,05/09/2000 19:45:00,,27/07/2007 12:48:03,GS:MSYS:REF     ,,IssueActionComment,IACM,(BLOB),,
377,05/09/2000 19:45:00,,27/07/2007 12:48:03,GS:MSYS:REF     ,,IssueCertificateCouponSheet,IACS,(BLOB),,
1,08/04/2000 13:41:00,,27/07/2007 12:47:52,GS:MSYS:REF     ,,Issue,ISSU,(BLOB),N,
2,08/04/2000 13:41:00,,27/07/2007 12:47:52,GS:MSYS:REF     ,,IssueClassification,ISCL,(BLOB),,
3,08/04/2000 13:41:00,,27/07/2007 12:47:52,GS:MSYS:REF     ,,IssueIdentifier,ISID,(BLOB),,
4,12/03/1972 00:00:00,,27/07/2007 12:47:52,GS:MSYS:REF     ,,CompanyStatistics,COST,(BLOB),,
5,12/03/1972 00:00:00,,27/07/2007 12:47:52,GS:MSYS:REF     ,,EquityStatistics,EQST,(BLOB),,
7,12/03/1972 00:00:00,,27/07/2007 12:47:52,GS:MSYS:REF     ,,ISSUIssueActionDeclaration,IADC,(BLOB),,
8,12/03/1972 00:00:00,,27/07/2007 12:47:52,GS:MSYS:REF     ,,IssueActionProcedure,IAPR,(BLOB),,
9,12/03/1972 00:00:00,,27/07/2007 12:47:52,GS:MSYS:REF     ,,IssueActionParticipant,IAIP,(BLOB),,
10,12/03/1972 00:00:00,,27/07/2007 12:47:52,GS:MSYS:REF     ,,IssuerClassification,IRCL,(BLOB),,
11,12/03/1972 00:00:00,,27/07/2007 12:47:52,GS:MSYS:REF     ,,IssuerGeoUnit,IRGU,(BLOB),,
12,12/03/1972 00:00:00,,27/07/2007 12:47:52,GS:MSYS:REF     ,,IssuerIdentifier,IRID,(BLOB),,
13,12/03/1972 00:00:00,,27/07/2007 12:47:52,GS:MSYS:REF     ,,IssuerRating,IRRT,(BLOB),,
14,12/03/1972 00:00:00,,27/07/2007 12:47:52,GS:MSYS:REF     ,,IssueDescription,ISDE,(BLOB),,
15,12/03/1972 00:00:00,,27/07/2007 12:47:52,GS:MSYS:REF     ,,IssueGeoUnit,ISGU,(BLOB),,
16,12/03/1972 00:00:00,,27/07/2007 12:47:52,GS:MSYS:REF     ,,IssueRating,ISRT,(BLOB),,
17,12/03/1972 00:00:00,,27/07/2007 12:47:52,GS:MSYS:REF     ,,IssueStatistic,ISST,(BLOB),,
18,12/03/1972 00:00:00,,27/07/2007 12:47:52,GS:MSYS:REF     ,,IssueCrossReference,ISXR,(BLOB),,
19,12/03/1972 00:00:00,,27/07/2007 12:47:52,GS:MSYS:REF     ,,MarketIssueCharacteristics,MKIS,(BLOB),,
20,12/03/1972 00:00:00,,27/07/2007 12:47:52,GS:MSYS:REF     ,,IssueGeoStatistics,RGST,(BLOB),,
21,12/03/1972 00:00:00,,27/07/2007 12:47:52,GS:MSYS:REF     ,,RelatedIssueDefinition,RIDF,(BLOB),,
22,12/03/1972 00:00:00,,27/07/2007 12:47:52,GS:MSYS:REF     ,,RelatedIssue,RISS,(BLOB),,
23,12/03/1972 00:00:00,,27/07/2007 12:47:52,GS:MSYS:REF     ,,RelatedIssueStatistics,RIST,(BLOB),,
24,12/03/1972 00:00:00,,27/07/2007 12:47:52,GS:MSYS:REF     ,,IssueTradeStatistics,TRST,(BLOB),,
25,12/03/1972 00:00:00,,27/07/2007 12:47:52,GS:MSYS:REF     ,,UnderwriterCharacteristics,UWCH,(BLOB),,
26,12/03/1972 00:00:00,,27/07/2007 12:47:53,GS:MSYS:REF     ,,Issuer,ISSR,(BLOB),Y,
30,19/04/2004 15:27:54,,27/07/2007 12:47:53,GS:MSYS:REF     ,,ISCDExternalIssueType,EIST,(BLOB),,
31,20/04/2000 14:31:50,,27/07/2007 12:47:53,GS:MSYS:REF     ,,EquityCharacteristics,EQCH,(BLOB),,
32,20/04/2000 14:40:00,,27/07/2007 12:47:53,GS:MSYS:REF     ,,FinsRoleIssueParticipant,FRIP,(BLOB),,
33,20/04/2000 21:45:07,,27/07/2007 12:47:53,GS:MSYS:REF     ,,DepositoryOptions,DEOP,(BLOB),,
34,20/04/2000 22:42:59,,27/07/2007 12:47:53,GS:MSYS:REF     ,,IssueDocument,ISDC,(BLOB),,
35,20/04/2000 22:58:27,,27/07/2007 12:47:53,GS:MSYS:REF     ,,FinancialMarketIdentifier,MKID,(BLOB),,
36,20/04/2000 23:04:41,,27/07/2007 12:47:53,GS:MSYS:REF     ,,IssueRegulatoryCharacteristics,RGCH,(BLOB),,
37,12/03/1972 00:00:00,,27/07/2007 12:47:53,GS:MSYS:REF     ,,FinancialInstitution,FINS,(BLOB),Y,
38,08/04/2000 13:41:00,,27/07/2007 12:47:53,GS:MSYS:REF     ,,EntitlementCharacteristics,ENCH,(BLOB),,
39,01/12/1966 00:00:00,,27/07/2007 12:47:53,GS:MSYS:REF     ,,IssueComment,ISCM,(BLOB),,
40,12/03/1972 00:00:00,,27/07/2007 12:47:53,GS:MSYS:REF     ,,GeoUnitCalendarParticipant,GUCA,(BLOB),,
41,12/03/1972 00:00:00,,27/07/2007 12:47:53,GS:MSYS:REF     ,,IncomeEventDefinition,IEDF,(BLOB),,
42,12/03/1972 00:00:00,,27/07/2007 12:47:53,GS:MSYS:REF     ,,IncomeEventParticipant,IEVP,(BLOB),,
43,12/03/1972 00:00:00,,27/07/2007 12:47:53,GS:MSYS:REF     ,,IncomePaymentDefinition,IPDF,(BLOB),,
44,08/04/2000 13:41:00,,27/07/2007 12:47:53,GS:MSYS:REF     ,,IssuerStatistics,IRST,(BLOB),,
45,12/03/1972 00:00:00,,27/07/2007 12:47:53,GS:MSYS:REF     ,,FINSFinancialInstitutionRole,FINR,(BLOB),,
46,12/03/1972 00:00:00,,27/07/2007 12:47:53,GS:MSYS:REF     ,,ShareHolderStatistics,SHST,(BLOB),,
50,12/03/1972 00:00:00,,27/07/2007 12:47:53,GS:MSYS:REF     ,,IssueGroup,ISGR,(BLOB),,
51,12/03/1972 00:00:00,,27/07/2007 12:47:53,GS:MSYS:REF     ,,IssueGroupParticipant,ISGP,(BLOB),,
53,05/06/2000 10:10:10,,27/07/2007 12:47:53,GS:MSYS:REF     ,,ACGRCentralCrossReference,CCRF,(BLOB),,
54,05/06/2000 10:10:10,,27/07/2007 12:47:53,GS:MSYS:REF     ,,ACGREmployeeAccountGroupRole,EAGR,(BLOB),,
55,05/06/2000 10:10:10,,27/07/2007 12:47:53,GS:MSYS:REF     ,,CUSTCentralCrossReference,CCRF,(BLOB),,
56,05/06/2000 10:10:10,,27/07/2007 12:47:53,GS:MSYS:REF     ,,CUSTCustomerGroupParticipant,CUGP,(BLOB),,
57,05/06/2000 10:10:10,,27/07/2007 12:47:53,GS:MSYS:REF     ,,CUSTCustomerAccountRole,CACR,(BLOB),,
58,05/06/2000 10:10:10,,27/07/2007 12:47:53,GS:MSYS:REF     ,,CNTCCentralCrossReference,CCRF,(BLOB),,
59,05/06/2000 10:10:10,,27/07/2007 12:47:53,GS:MSYS:REF     ,,PRODProductAggrement,PRAG,(BLOB),,
60,05/06/2000 10:10:10,,27/07/2007 12:47:54,GS:MSYS:REF     ,,ProductLine,PLNE,(BLOB),,
61,05/06/2000 10:10:10,,27/07/2007 12:47:54,GS:MSYS:REF     ,,PLNEAccountOptions,ACOP,(BLOB),,
62,05/06/2000 10:10:10,,27/07/2007 12:47:54,GS:MSYS:REF     ,,EMPLEmployeeGroupParticipant,EMGP,(BLOB),,
63,05/06/2000 10:10:10,,27/07/2007 12:47:54,GS:MSYS:REF     ,,ProductAggrement,PRAG,(BLOB),,
64,05/06/2000 10:10:10,,27/07/2007 12:47:54,GS:MSYS:REF     ,,ProductFeatureAgreement,PFAG,(BLOB),,
65,05/06/2000 10:10:10,,27/07/2007 12:47:54,GS:MSYS:REF     ,,CurrencyConversionRule,CCON,(BLOB),,
66,05/06/2000 10:10:10,,27/07/2007 12:47:54,GS:MSYS:REF     ,,AgrmntOnStandingInstrucDtl,ASID,(BLOB),,
67,05/06/2000 10:10:10,,27/07/2007 12:47:54,GS:MSYS:REF     ,,AgreeOnTaxReclaimGeogUnit,ATRG,(BLOB),,
68,05/09/2000 19:45:00,,27/07/2007 12:47:54,GS:MSYS:REF     ,,AgrmntContractValDateDetail,AGCV,(BLOB),,
70,05/09/2000 19:45:00,,27/07/2007 12:47:54,GS:MSYS:REF     ,,SubdivisionEnterpriseRole,SUER,(BLOB),,
71,05/09/2000 19:45:00,,27/07/2007 12:47:54,GS:MSYS:REF     ,,SubdivisionProductResp,SUPR,(BLOB),,
72,05/09/2000 19:45:00,,27/07/2007 12:47:54,GS:MSYS:REF     ,,AccountAmortAccreteOptions,AACO,(BLOB),,
74,05/09/2000 19:45:00,,27/07/2007 12:47:54,GS:MSYS:REF     ,,AccountAgreementParticipant,ACLP,(BLOB),,
75,05/09/2000 19:45:00,,27/07/2007 12:47:54,GS:MSYS:REF     ,,AccountCurrencyRestriction,ACRE,(BLOB),,
76,05/09/2000 19:45:00,,27/07/2007 12:47:54,GS:MSYS:REF     ,,AccountRestriction,ARST,(BLOB),,
77,05/09/2000 19:45:00,,27/07/2007 12:47:54,GS:MSYS:REF     ,,AccountGroupAgreementParticipant,AGLP,(BLOB),,
78,05/09/2000 19:45:00,,27/07/2007 12:47:54,GS:MSYS:REF     ,,ApplicationFieldPart,APFP,(BLOB),,
79,05/09/2000 19:45:00,,27/07/2007 12:47:54,GS:MSYS:REF     ,,GeographicUnitRelationship,GURE,(BLOB),,
80,05/09/2000 19:45:00,,27/07/2007 12:47:54,GS:MSYS:REF     ,,GeographicUnitStatistic,GUST,(BLOB),,
81,13/08/2001 13:10:12,,27/07/2007 12:47:54,GS:MSYS:REF     ,,RatingValue,RTVL,(BLOB),,
82,13/08/2001 12:40:44,,27/07/2007 12:47:54,GS:MSYS:REF     ,,IndustryClassification,INCL,(BLOB),,
83,13/08/2001 12:40:44,,27/07/2007 12:47:54,GS:MSYS:REF     ,,Account,ACCT,(BLOB),,
84,25/08/2003 18:46:31,,27/07/2007 12:47:54,GS:MSYS:REF     ,,BookOfAccounts,BOOK,(BLOB),,
85,12/03/1972 00:00:00,,27/07/2007 12:47:54,GS:MSYS:REF     ,,FinancialInstitutionRole,FINR,(BLOB),,
86,12/03/1972 00:00:00,,27/07/2007 12:47:54,GS:MSYS:REF     ,,IssueActionDeclaration,IADC,(BLOB),,
87,05/09/2000 19:45:00,,27/07/2007 12:47:54,GS:MSYS:REF     ,,IssueActionEvent,IAEV,(BLOB),,
88,05/06/2000 10:10:10,,27/07/2007 12:47:54,GS:MSYS:REF     ,,IssuePrice,ISPC,(BLOB),,
89,25/08/2003 18:46:31,,27/07/2007 12:47:55,GS:MSYS:REF     ,,SubDivision,SUBD,(BLOB),,
90,05/09/2000 19:45:00,,27/07/2007 12:47:55,GS:MSYS:REF     ,,CUSTEnterpriseCustomerRole,ECRL,(BLOB),,
91,05/09/2000 19:45:00,,27/07/2007 12:47:55,GS:MSYS:REF     ,,FXRTPriceComment,PCCM,(BLOB),,
92,25/08/2003 18:46:32,,27/07/2007 12:47:55,GS:MSYS:REF     ,,FINRIndustryRelationship,INRE,(BLOB),,
93,25/08/2003 18:46:32,,27/07/2007 12:47:55,GS:MSYS:REF     ,,TaxRateTierCharacteristics,TRTC,(BLOB),,
94,25/08/2003 18:46:32,,27/07/2007 12:47:55,GS:MSYS:REF     ,,TXTYTaxRateTierCharacteristics,TRTC,(BLOB),,
95,25/08/2003 18:46:32,,27/07/2007 12:47:55,GS:MSYS:REF     ,,TXWHTaxRateTierCharacteristics,TRTC,(BLOB),,
96,05/09/2000 19:45:00,,27/07/2007 12:47:55,GS:MSYS:REF     ,,IACSIssueCertificateCoupon,IACF,(BLOB),,
97,05/09/2000 19:45:00,,27/07/2007 12:47:55,GS:MSYS:REF     ,,TaxRateTier,TXRT,(BLOB),,
98,05/09/2000 19:45:00,,27/07/2007 12:47:55,GS:MSYS:REF     ,,CurrencyCharacteristics,CYCH,(BLOB),,
99,05/09/2000 19:45:00,,27/07/2007 12:47:55,GS:MSYS:REF     ,,FRIPPricingOptions,PCOP,(BLOB),,
100,05/09/2000 19:45:00,,27/07/2007 12:47:55,GS:MSYS:REF     ,,InternalDomainValue,IDMV,(BLOB),,
101,27/01/2004 00:00:00,,27/07/2007 12:47:55,GS:MSYS:REF     ,,FinsRoleCustomerParticipant,FRCP,(BLOB),,
102,27/01/2004 00:00:00,,27/07/2007 12:47:55,GS:MSYS:REF     ,,EmployeeClassification,EMCL,(BLOB),,
103,27/01/2004 00:00:00,,27/07/2007 12:47:55,GS:MSYS:REF     ,,EmployeeGeographicUnit,EMGU,(BLOB),,
104,27/01/2004 00:00:00,,27/07/2007 12:47:55,GS:MSYS:REF     ,,EmployeeStatistic,EMST,(BLOB),,
106,27/01/2004 00:00:00,,27/07/2007 12:47:55,GS:MSYS:REF     ,,EMKREmployeeClassification,EMCL,(BLOB),,
107,27/01/2004 00:00:00,,27/07/2007 12:47:55,GS:MSYS:REF     ,,EMKREmployeeStatistic,EMST,(BLOB),,
108,27/01/2004 00:00:00,,27/07/2007 12:47:55,GS:MSYS:REF     ,,CentralCrossReferenceGroup,CRGR,(BLOB),,
109,27/01/2004 00:00:00,,27/07/2007 12:47:55,GS:MSYS:REF     ,,EMRLEmployeeClassification,EMCL,(BLOB),,
110,27/01/2004 00:00:00,,27/07/2007 12:47:55,GS:MSYS:REF     ,,EMRLEmployeeStatistic,EMST,(BLOB),,
111,05/06/2000 10:10:10,,27/07/2007 12:47:55,GS:MSYS:REF     ,,ISSUIssuePrice,ISPC,(BLOB),,
112,27/01/2004 00:00:00,,27/07/2007 12:47:55,GS:MSYS:REF     ,,EnterpriseClassification,ENCL,(BLOB),,
113,27/01/2004 00:00:00,,27/07/2007 12:47:55,GS:MSYS:REF     ,,EnterpriseStatistic,ENST,(BLOB),,
114,27/01/2004 00:00:00,,27/07/2007 12:47:55,GS:MSYS:REF     ,,FINRFinsRoleCustomerParticipant,FRCP,(BLOB),,
116,05/02/2001 14:55:18,,27/07/2007 12:47:55,GS:MSYS:REF     ,,MarketIssueStatistic,MUST,(BLOB),,
1537,09/10/2012 11:47:48,,09/10/2012 11:47:48,GS:MBUS,,MKISIssueTradingStatus,TRSS,(BLOB),,
1562,14/12/2012 08:59:31,,14/12/2012 08:59:31,GS:MBUS,,ISSURegulationIssueIdentifier,RGIS,(BLOB),,
1563,14/12/2012 08:59:31,,14/12/2012 08:59:31,GS:MBUS,,GUNTRegulationIssueIdentifier,RGIS,(BLOB),,
1564,31/01/2013 14:21:04,,31/01/2013 14:21:04,GS:MBUS,,ISIDRegulationIssueIdentifier,RGIS,(BLOB),,
1551,14/12/2012 18:58:52,,14/12/2012 18:58:52,GS:MBUS,,ISSULoanMortgageHistoricalStatistics,LMHS,(BLOB),,
1567,31/01/2013 14:21:11,,31/01/2013 14:21:11,GS:MBUS,,IRIDIssuerDescription,IRDE,(BLOB),,
1568,31/01/2013 14:21:12,,31/01/2013 14:21:12,GS:MBUS,,FIIDFinancialInstitutionDescription,FIDE,(BLOB),,
1570,29/07/2013 09:13:22,,15/10/2018 20:11:25,GS:MBUS,,IssueCommentReplace,ISCM,(BLOB),,I
1571,29/07/2013 09:13:23,,15/10/2018 20:11:25,GS:MBUS,,RelatedIssueDefReplace,RIDF,(BLOB),,I
1572,29/07/2013 09:26:03,,29/07/2013 09:26:03,GS:MBUS,,ISSUCertificateCharacteristics,CTCH,(BLOB),,
1573,26/07/2013 16:36:14,,26/07/2013 16:36:14,GS:MBUS,,MRKTRelatedIssue,RISS,(BLOB),,
1575,29/07/2013 10:54:47,,29/07/2013 10:54:47,GS:MBUS,,ISSRIssuerRegulatoryReportDetails,IRRD,(BLOB),,
1576,29/07/2013 10:54:48,,29/07/2013 10:54:48,GS:MBUS,,GUNTIssuerRegulatoryReportDetails,IRRD,(BLOB),,
1577,29/07/2013 10:54:49,,29/07/2013 10:54:49,GS:MBUS,,ISSUDebtInstrumentAuctionDetails,AUCD,(BLOB),,
1578,29/07/2013 10:54:50,,29/07/2013 10:54:50,GS:MBUS,,CUSTFeeInvoice,FINV,(BLOB),,
1579,29/07/2013 10:54:51,,29/07/2013 10:54:51,GS:MBUS,,FCINFeeInvoice,FINV,(BLOB),,
1580,29/07/2013 10:54:52,,29/07/2013 10:54:52,GS:MBUS,,FINVFeeInvoice,FINV,(BLOB),,
616,04/12/2003 21:20:20,,27/07/2007 12:48:10,GS:MSYS:REF     ,,DiscreteDate,DDTE,(BLOB),,
617,04/12/2003 21:20:21,,27/07/2007 12:48:10,GS:MSYS:REF     ,,WithdrawalDiscreteDate,DDTE,(BLOB),,
618,04/12/2003 21:20:21,,27/07/2007 12:48:10,GS:MSYS:REF     ,,DesignatedFinsRole,DEFR,(BLOB),,
619,04/12/2003 21:20:21,,27/07/2007 12:48:10,GS:MSYS:REF     ,,DLERDealerBranch,DLBR,(BLOB),,
620,04/12/2003 21:20:22,,27/07/2007 12:48:10,GS:MSYS:REF     ,,DealerBranchElectronicAddr,DLBR,(BLOB),,
621,04/12/2003 21:20:22,,27/07/2007 12:48:10,GS:MSYS:REF     ,,DealerBranchMailAddr,DLBR,(BLOB),,
622,04/12/2003 21:20:23,,27/07/2007 12:48:10,GS:MSYS:REF     ,,EADRDealer,DLER,(BLOB),,
623,04/12/2003 21:20:23,,27/07/2007 12:48:10,GS:MSYS:REF     ,,MADRDealer,DLER,(BLOB),,
624,04/12/2003 21:20:23,,27/07/2007 12:48:10,GS:MSYS:REF     ,,DealerAlternateIdentifier,DLID,(BLOB),,
625,04/12/2003 21:20:24,,27/07/2007 12:48:10,GS:MSYS:REF     ,,DuplicateIssueActionCriteria,DPIC,(BLOB),,
626,04/12/2003 21:20:24,,27/07/2007 12:48:11,GS:MSYS:REF     ,,DLBRDealerRepresentative,DREP,(BLOB),,
627,04/12/2003 21:20:25,,27/07/2007 12:48:11,GS:MSYS:REF     ,,DealerRepresentativeParticipant,DREP,(BLOB),,
628,04/12/2003 21:20:25,,27/07/2007 12:48:11,GS:MSYS:REF     ,,DealerRepresentativeElectronicAddr,DREP,(BLOB),,
629,04/12/2003 21:20:25,,27/07/2007 12:48:11,GS:MSYS:REF     ,,DealerRepresentativeMailAddr,DREP,(BLOB),,
630,04/12/2003 21:20:26,,27/07/2007 12:48:11,GS:MSYS:REF     ,,DealerRepresentativeAlternateIdentifier,DRID,(BLOB),,
633,04/12/2003 21:20:27,,27/07/2007 12:48:11,GS:MSYS:REF     ,,ExternalAccountIdComponent,EAIC,(BLOB),,
634,04/12/2003 21:20:27,,27/07/2007 12:48:11,GS:MSYS:REF     ,,EnterpriseLedgerGroupAssignment,ELGA,(BLOB),,
635,04/12/2003 21:20:28,,27/07/2007 12:48:11,GS:MSYS:REF     ,,EmployeeLimitRole,EMLR,(BLOB),,
636,04/12/2003 21:20:28,,27/07/2007 12:48:11,GS:MSYS:REF     ,,ExternalAccountBalance,EXAB,(BLOB),,
637,04/12/2003 21:20:28,,27/07/2007 12:48:11,GS:MSYS:REF     ,,ExternalAccount,EXAC,(BLOB),,
638,04/12/2003 21:20:29,,27/07/2007 12:48:11,GS:MSYS:REF     ,,TradeProcessingInstruction,EXIN,(BLOB),,
639,04/12/2003 21:20:29,,27/07/2007 12:48:11,GS:MSYS:REF     ,,ExecutedTrade,EXTR,(BLOB),,
640,04/12/2003 21:20:29,,27/07/2007 12:48:11,GS:MSYS:REF     ,,FeeChargingInstruction,FCIN,(BLOB),,
641,04/12/2003 21:20:30,,27/07/2007 12:48:11,GS:MSYS:REF     ,,FeeRateTier,FERT,(BLOB),,
642,04/12/2003 21:20:30,,27/07/2007 12:48:11,GS:MSYS:REF     ,,FeeType,FETP,(BLOB),,
643,04/12/2003 21:20:31,,27/07/2007 12:48:11,GS:MSYS:REF     ,,FeeMinimumMaximum,FMMX,(BLOB),,
644,04/12/2003 21:20:31,,27/07/2007 12:48:11,GS:MSYS:REF     ,,FinsServicesProAltIdentifier,FPID,(BLOB),,
647,04/12/2003 21:20:32,,27/07/2007 12:48:11,GS:MSYS:REF     ,,AcctFinsRoleAccountParticipant,FRAP,(BLOB),,
648,04/12/2003 21:20:33,,27/07/2007 12:48:11,GS:MSYS:REF     ,,FinsRoleAccountParticipant,FRAP,(BLOB),,
649,04/12/2003 21:20:33,,27/07/2007 12:48:11,GS:MSYS:REF     ,,FinsRoleCalendarParticipant,FRCA,(BLOB),,
650,04/12/2003 21:20:34,,27/07/2007 12:48:11,GS:MSYS:REF     ,,FeeRateCharacteristics,FRCH,(BLOB),,
651,04/12/2003 21:20:34,,27/07/2007 12:48:11,GS:MSYS:REF     ,,FinsRoleClassification,FRCL,(BLOB),,
652,04/12/2003 21:20:34,,27/07/2007 12:48:11,GS:MSYS:REF     ,,FINRFinsRoleMarketRelationship,FRMK,(BLOB),,
653,04/12/2003 21:20:35,,27/07/2007 12:48:11,GS:MSYS:REF     ,,MRKTFinsRoleMarketRelationship,FRMK,(BLOB),,
654,04/12/2003 21:20:35,,27/07/2007 12:48:11,GS:MSYS:REF     ,,FeeTypeChargingGroup,FTCG,(BLOB),,
655,04/12/2003 21:20:35,,27/07/2007 12:48:11,GS:MSYS:REF     ,,FeeTypeCharging,FTCH,(BLOB),,
656,04/12/2003 21:20:36,,27/07/2007 12:48:11,GS:MSYS:REF     ,,FeeTypeDiscount,FTDI,(BLOB),,
657,04/12/2003 21:20:36,,27/07/2007 12:48:11,GS:MSYS:REF     ,,FeeTypeGroupParticipant,FTGP,(BLOB),,
658,04/12/2003 21:20:37,,27/07/2007 12:48:11,GS:MSYS:REF     ,,FTGRFeeTypeGroupParticipant,FTGP,(BLOB),,
659,04/12/2003 21:20:37,,27/07/2007 12:48:12,GS:MSYS:REF     ,,FeeTypeGroup,FTGR,(BLOB),,
660,04/12/2003 21:20:37,,27/07/2007 12:48:12,GS:MSYS:REF     ,,ForeignExchangeCharacteristics,FXCH,(BLOB),,
662,04/12/2003 21:20:38,,27/07/2007 12:48:12,GS:MSYS:REF     ,,InternalAccountAssignment,IAAS,(BLOB),,
664,04/12/2003 21:20:40,,27/07/2007 12:48:12,GS:MSYS:REF     ,,IssueActionExcludedHoldings,IAEH,(BLOB),,
666,04/12/2003 21:20:41,,27/07/2007 12:48:12,GS:MSYS:REF     ,,InternalAccountPurpose,IAPU,(BLOB),,
667,04/12/2003 21:20:41,,27/07/2007 12:48:12,GS:MSYS:REF     ,,IssueActionEncumbrance,IENC,(BLOB),,
670,04/12/2003 21:20:42,,27/07/2007 12:48:12,GS:MSYS:REF     ,,IssueCalendarParticipant,ISCA,(BLOB),,
671,04/12/2003 21:20:42,,27/07/2007 12:48:12,GS:MSYS:REF     ,,IssueDistributionHistory,ISDH,(BLOB),,
672,04/12/2003 21:20:43,,27/07/2007 12:48:12,GS:MSYS:REF     ,,LoanMortgageDelinquencyStatistics,LMDL,(BLOB),,
673,04/12/2003 21:20:43,,27/07/2007 12:48:12,GS:MSYS:REF     ,,ModelDefinition,MDDF,(BLOB),,
674,04/12/2003 21:20:44,,27/07/2007 12:48:12,GS:MSYS:REF     ,,MDDFModelDefinitionTypePrt,MDTP,(BLOB),,
675,04/12/2003 21:20:44,,27/07/2007 12:48:12,GS:MSYS:REF     ,,ModelDefinitionTypePrt,MDTP,(BLOB),,
676,04/12/2003 21:20:44,,27/07/2007 12:48:12,GS:MSYS:REF     ,,ModelTypeTemplate,MDTT,(BLOB),,
677,04/12/2003 21:20:45,,27/07/2007 12:48:12,GS:MSYS:REF     ,,ModelType,MDTY,(BLOB),,
682,04/12/2003 21:20:47,,27/07/2007 12:48:12,GS:MSYS:REF     ,,MarginRateOverride,MROV,(BLOB),,
683,04/12/2003 21:20:47,,27/07/2007 12:48:12,GS:MSYS:REF     ,,MarketGroupParicipant,MTGP,(BLOB),,
684,04/12/2003 21:20:47,,27/07/2007 12:48:12,GS:MSYS:REF     ,,MTGRMarketGroupParticipant,MTGP,(BLOB),,
685,04/12/2003 21:20:48,,27/07/2007 12:48:12,GS:MSYS:REF     ,,MarketGroup,MTGR,(BLOB),,
688,04/12/2003 21:20:49,,27/07/2007 12:48:12,GS:MSYS:REF     ,,NonAccruableHolding,NAHO,(BLOB),,
689,04/12/2003 21:20:49,,27/07/2007 12:48:12,GS:MSYS:REF     ,,PricingMatrix,PCMX,(BLOB),,
693,04/12/2003 21:20:51,,27/07/2007 12:48:13,GS:MSYS:REF     ,,ScheduleDefinition,SCDF,(BLOB),,
694,04/12/2003 21:20:51,,27/07/2007 12:48:13,GS:MSYS:REF     ,,StandardRate,STRA,(BLOB),,
695,04/12/2003 21:20:52,,27/07/2007 12:48:13,GS:MSYS:REF     ,,PRODSubdivisionProductResp,SUPR,(BLOB),,
696,04/12/2003 21:20:52,,27/07/2007 12:48:13,GS:MSYS:REF     ,,TaxForm,TAXF,(BLOB),,
698,04/12/2003 21:20:53,,27/07/2007 12:48:13,GS:MSYS:REF     ,,TaxFormCustomerType,TFCT,(BLOB),,
702,12/02/2004 00:00:00,,27/07/2007 12:48:13,GS:MSYS:REF     ,,FinsRoleIssueParticipantComment,GNCM,(BLOB),,
703,12/02/2004 00:00:00,,27/07/2007 12:48:13,GS:MSYS:REF     ,,IssueCertificateCouponSheetComment,GNCM,(BLOB),,
704,12/02/2004 00:00:00,,27/07/2007 12:48:13,GS:MSYS:REF     ,,IssueCertificateCouponComment,GNCM,(BLOB),,
705,12/02/2004 00:00:00,,27/07/2007 12:48:13,GS:MSYS:REF     ,,IncomeEventComment,GNCM,(BLOB),,
706,12/02/2004 00:00:00,,27/07/2007 12:48:13,GS:MSYS:REF     ,,MarketIndexDefinitionComment,GNCM,(BLOB),,
707,12/02/2004 00:00:00,,27/07/2007 12:48:13,GS:MSYS:REF     ,,IndustryClassificationComment,GNCM,(BLOB),,
708,12/02/2004 00:00:00,,27/07/2007 12:48:13,GS:MSYS:REF     ,,MarketIssueCharacteristicsComment,GNCM,(BLOB),,
709,12/02/2004 00:00:00,,27/07/2007 12:49:28,GS:MSYS:REF     ,,FinancialInstitutionComment,FICM,(BLOB),,
710,12/02/2004 00:00:00,,27/07/2007 12:48:13,GS:MSYS:REF     ,,RatingSetDefinitionComment,GNCM,(BLOB),,
711,12/02/2004 00:00:00,,27/07/2007 12:48:13,GS:MSYS:REF     ,,RatingValueComment,GNCM,(BLOB),,
712,12/02/2004 00:00:00,,27/07/2007 12:48:13,GS:MSYS:REF     ,,LegalProceedingsInformationComment,GNCM,(BLOB),,
713,12/02/2004 00:00:00,,27/07/2007 12:48:13,GS:MSYS:REF     ,,LegalProceedingsMeetingComment,GNCM,(BLOB),,
714,12/02/2004 00:00:00,,27/07/2007 12:48:13,GS:MSYS:REF     ,,IADCEntitlementCharacteristics,ENCH,(BLOB),,
715,02/03/2004 12:45:00,,27/07/2007 12:48:13,GS:MSYS:REF     ,,VDANVendorAnnouncement,VDAN,(BLOB),,
716,08/03/2004 10:45:00,,27/07/2007 12:48:13,GS:MSYS:REF     ,,FinancialInstitutionIdentifierComment,GNCM,(BLOB),,
719,09/03/2004 00:00:00,,27/07/2007 12:48:13,GS:MSYS:REF     ,,MessageNotificationDefinition,NTDF,(BLOB),,
720,09/03/2004 00:00:00,,27/07/2007 12:48:13,GS:MSYS:REF     ,,MessageNotificationText,NTXT,(BLOB),,
721,09/03/2004 00:00:00,,27/07/2007 12:48:13,GS:MSYS:REF     ,,MessageNotificationParameter,NTPM,(BLOB),,
722,09/03/2004 00:00:00,,27/07/2007 12:48:13,GS:MSYS:REF     ,,NotificationReactionSuggestion,NTRS,(BLOB),,
723,09/03/2004 00:00:00,,27/07/2007 12:48:14,GS:MSYS:REF     ,,UserCategory,UCAT,(BLOB),,
724,09/03/2004 00:00:00,,27/07/2007 12:48:14,GS:MSYS:REF     ,,CustomerCorrespondenceReceived,CCRC,(BLOB),,
725,09/03/2004 00:00:00,,27/07/2007 12:48:14,GS:MSYS:REF     ,,CustomerCorrespondenceSent,CCSE,(BLOB),,
726,09/03/2004 00:00:00,,27/07/2007 12:48:14,GS:MSYS:REF     ,,ACCTCrossEnterpriseDefaultAccount,CEDA,(BLOB),,
727,09/03/2004 00:00:00,,27/07/2007 12:48:14,GS:MSYS:REF     ,,ACTPExternalAccount,EXAC,(BLOB),,
728,14/04/2004 00:00:00,,27/07/2007 12:48:14,GS:MSYS:REF     ,,TaxTreatmentAdditionalDetailsComment,GNCM,(BLOB),,
729,09/03/2004 00:00:00,,27/07/2007 12:48:14,GS:MSYS:REF     ,,IssueActionPeriods,IAPD,(BLOB),,
730,09/03/2004 00:00:00,,27/07/2007 12:48:14,GS:MSYS:REF     ,,IssueActionIdentifier,IAID,(BLOB),,
731,09/03/2004 00:00:00,,27/07/2007 12:48:14,GS:MSYS:REF     ,,CustomerCorrespondenceResponse,CCRS,(BLOB),,
732,09/03/2004 00:00:00,,27/07/2007 12:48:14,GS:MSYS:REF     ,,IAPRIssueActionPeriods,IAPD,(BLOB),,
733,15/04/2004 00:00:00,,27/07/2007 12:48:14,GS:MSYS:REF     ,,IssueActionProcedureComment,GNCM,(BLOB),,
734,16/04/2004 00:00:00,,27/07/2007 12:48:14,GS:MSYS:REF     ,,TXWHTaxExemption,TXEM,(BLOB),,
735,20/04/2004 00:00:00,,27/07/2007 12:48:14,GS:MSYS:REF     ,,IndustryClassificationSetComment,GNCM,(BLOB),,
736,27/04/2004 13:09:33,,27/07/2007 12:48:14,GS:MSYS:REF     ,,CCRFCentralGrossReferenceGroupParticipant,CRGP,(BLOB),,
737,23/04/2004 00:00:00,,27/07/2007 12:48:14,GS:MSYS:REF     ,,TTCHIssueActionTaxTreatmentParticipant,IATT,(BLOB),,
738,27/04/2004 13:09:33,,27/07/2007 12:48:14,GS:MSYS:REF     ,,EmployeeIssueRole,EISR,(BLOB),,
739,27/04/2004 13:09:33,,27/07/2007 12:48:14,GS:MSYS:REF     ,,EMPLEmployeeIssueRole,EISR,(BLOB),,
740,27/04/2004 13:09:33,,27/07/2007 12:48:14,GS:MSYS:REF     ,,ISSUIssueCertificateCoupon,IACF,(BLOB),,
741,28/04/2004 18:03:24,,27/07/2007 12:48:14,GS:MSYS:REF     ,,ACCTAccountExternalAccountRole,AEAR,(BLOB),,
742,28/04/2004 18:03:24,,27/07/2007 12:48:14,GS:MSYS:REF     ,,CCRSCustomerCorrespondenceResponse,CCRS,(BLOB),,
743,28/04/2004 18:03:24,,27/07/2007 12:48:14,GS:MSYS:REF     ,,FINRCentralCrossReference,CCRF,(BLOB),,
744,28/04/2004 18:03:25,,27/07/2007 12:48:14,GS:MSYS:REF     ,,FPROCentralCrossReference,CCRF,(BLOB),,
745,28/04/2004 18:03:25,,27/07/2007 12:48:14,GS:MSYS:REF     ,,ISSRCentralCrossReference,CCRF,(BLOB),,
746,28/04/2004 18:03:25,,27/07/2007 12:48:14,GS:MSYS:REF     ,,SUBDCentralCrossReference,CCRF,(BLOB),,
747,28/04/2004 18:03:25,,27/07/2007 12:48:14,GS:MSYS:REF     ,,AUSRCentralCrossReference,CCRF,(BLOB),,
748,28/04/2004 18:03:25,,27/07/2007 12:48:14,GS:MSYS:REF     ,,EMPLCentralCrossReference,CCRF,(BLOB),,
749,28/04/2004 18:03:25,,27/07/2007 12:48:14,GS:MSYS:REF     ,,CUGRCentralCrossReference,CCRF,(BLOB),,
750,28/04/2004 18:03:25,,27/07/2007 12:48:14,GS:MSYS:REF     ,,ISSUCentralCrossReference,CCRF,(BLOB),,
751,28/04/2004 18:03:25,,27/07/2007 12:48:14,GS:MSYS:REF     ,,MRKTCentralCrossReference,CCRF,(BLOB),,
752,28/04/2004 18:03:25,,27/07/2007 12:48:14,GS:MSYS:REF     ,,DLERCentralCrossReference,CCRF,(BLOB),,
753,28/04/2004 18:03:25,,27/07/2007 12:48:14,GS:MSYS:REF     ,,DLBRCentralCrossReference,CCRF,(BLOB),,
754,28/04/2004 18:03:25,,27/07/2007 12:48:14,GS:MSYS:REF     ,,DREPCentralCrossReference,CCRF,(BLOB),,
755,04/06/2004 17:56:41,,27/07/2007 12:48:14,GS:MSYS:REF     ,,ApplicationUser,AUSR,(BLOB),,
756,04/06/2004 17:56:41,,27/07/2007 12:48:14,GS:MSYS:REF     ,,ApplicationUserProfileParticipant,AUPP,(BLOB),,
757,04/06/2004 17:56:41,,27/07/2007 12:48:15,GS:MSYS:REF     ,,AUSRApplicationUserGroupParticipant,AUGP,(BLOB),,
758,04/06/2004 17:56:41,,27/07/2007 12:48:15,GS:MSYS:REF     ,,ApplicationUserStatistic,AUST,(BLOB),,
759,04/06/2004 17:56:41,,27/07/2007 12:48:15,GS:MSYS:REF     ,,ApplicationUserGroup,AUGR,(BLOB),,
760,04/06/2004 17:56:41,,27/07/2007 12:48:15,GS:MSYS:REF     ,,ApplicationUserGroupParticipant,AUGP,(BLOB),,
761,04/06/2004 17:56:41,,27/07/2007 12:48:15,GS:MSYS:REF     ,,ApplicationUserGroupProfileParticipant,AGPP,(BLOB),,
762,04/06/2004 17:56:41,,27/07/2007 12:48:15,GS:MSYS:REF     ,,ApplicationUserGroupRoleParticipant,AGRP,(BLOB),,
763,04/06/2004 17:56:41,,27/07/2007 12:48:15,GS:MSYS:REF     ,,SecurityProfile,SPRF,(BLOB),,
764,04/06/2004 17:56:42,,27/07/2007 12:48:15,GS:MSYS:REF     ,,SPRFApplicationUserProfileParticipant,AUPP,(BLOB),,
765,04/06/2004 17:56:42,,27/07/2007 12:48:15,GS:MSYS:REF     ,,SPRFApplicationUserGroupProfileParticipant,AGPP,(BLOB),,
766,04/06/2004 17:56:42,,27/07/2007 12:48:15,GS:MSYS:REF     ,,SecurityRole,SRLE,(BLOB),,
767,04/06/2004 17:56:42,,27/07/2007 12:48:15,GS:MSYS:REF     ,,ApplicationUserRoleParticipant,AURP,(BLOB),,
768,04/06/2004 17:56:42,,27/07/2007 12:48:15,GS:MSYS:REF     ,,SRLEApplicationUserRoleParticipant,AURP,(BLOB),,
769,04/06/2004 17:56:42,,27/07/2007 12:48:15,GS:MSYS:REF     ,,SRLEApplicationUserGroupRoleParticipant,AGRP,(BLOB),,
771,24/06/2004 16:13:19,,27/07/2007 12:48:15,GS:MSYS:REF     ,,ACCTAuthorizedOrder,AUOR,(BLOB),,
775,24/06/2004 16:13:19,,27/07/2007 12:48:15,GS:MSYS:REF     ,,ACCTInventoryTransaction,ITRN,(BLOB),,
776,24/06/2004 16:13:19,,27/07/2007 12:48:15,GS:MSYS:REF     ,,ISSUInventoryTransaction,ITRN,(BLOB),,
777,24/06/2004 16:13:19,,27/07/2007 12:48:15,GS:MSYS:REF     ,,EXTRInventoryTransaction,ITRN,(BLOB),,
778,24/06/2004 16:13:19,,27/07/2007 12:48:15,GS:MSYS:REF     ,,EMRLAuthorizedOrderParticipant,AOPT,(BLOB),,
779,24/06/2004 16:13:19,,27/07/2007 12:48:15,GS:MSYS:REF     ,,EMPLAuthorizedOrderParticipant,AOPT,(BLOB),,
780,24/06/2004 16:13:19,,27/07/2007 12:48:15,GS:MSYS:REF     ,,DLERAuthorizedOrderParticipant,AOPT,(BLOB),,
781,24/06/2004 16:13:19,,27/07/2007 12:48:15,GS:MSYS:REF     ,,DREPAuthorizedOrderParticipant,AOPT,(BLOB),,
782,24/06/2004 16:13:19,,27/07/2007 12:48:15,GS:MSYS:REF     ,,FPROAuthorizedOrderParticipant,AOPT,(BLOB),,
783,24/06/2004 16:13:19,,27/07/2007 12:48:15,GS:MSYS:REF     ,,AUORAuthorizedOrderParticipant,AOPT,(BLOB),,
784,24/06/2004 16:13:19,,27/07/2007 12:48:15,GS:MSYS:REF     ,,AuthorizedOrderIdentifier,AOID,(BLOB),,
785,24/06/2004 16:13:19,,27/07/2007 12:48:15,GS:MSYS:REF     ,,AUORAuthorizedHoldingToDeliver,AHTD,(BLOB),,
786,24/06/2004 16:13:19,,27/07/2007 12:48:15,GS:MSYS:REF     ,,AUORAuthorizedLotToDeliver,ALTD,(BLOB),,
787,24/06/2004 16:13:19,,27/07/2007 12:48:15,GS:MSYS:REF     ,,AuthorizedOrderFieldValue,AOFV,(BLOB),,
788,24/06/2004 16:13:19,,27/07/2007 12:48:15,GS:MSYS:REF     ,,AUORBrokerOrderParticipant,BOAP,(BLOB),,
789,24/06/2004 16:13:19,,27/07/2007 12:48:15,GS:MSYS:REF     ,,BOAPInventoryTransaction,ITRN,(BLOB),,
790,24/06/2004 16:13:19,,27/07/2007 12:48:15,GS:MSYS:REF     ,,BORDBrokerOrderParticipant,BOAP,(BLOB),,
791,24/06/2004 16:13:19,,27/07/2007 12:48:16,GS:MSYS:REF     ,,FINRBrokerOrder,BORD,(BLOB),,
792,24/06/2004 16:13:19,,27/07/2007 12:48:16,GS:MSYS:REF     ,,OPCHDerivativeSchedule,DVSC,(BLOB),,
793,24/06/2004 16:13:20,,27/07/2007 12:48:16,GS:MSYS:REF     ,,FECHDerivativeSchedule,DVSC,(BLOB),,
794,24/06/2004 16:13:20,,27/07/2007 12:48:16,GS:MSYS:REF     ,,DerivativeDiscreteDate,DVSD,(BLOB),,
795,24/06/2004 16:13:20,,27/07/2007 12:48:16,GS:MSYS:REF     ,,IssueAnalytics,ISAN,(BLOB),,
796,24/06/2004 16:13:20,,27/07/2007 12:48:16,GS:MSYS:REF     ,,EndDateIssueActionRelation,EIAR,(BLOB),,
797,24/06/2004 16:13:20,,27/07/2007 12:48:16,GS:MSYS:REF     ,,BrokerOrder,BORD,(BLOB),,
798,24/06/2004 16:13:20,,27/07/2007 12:48:16,GS:MSYS:REF     ,,BLTRBrokerOrderParticipant,BOAP,(BLOB),,
799,24/06/2004 16:13:20,,27/07/2007 12:48:16,GS:MSYS:REF     ,,BlockedTrade,BLTR,(BLOB),,
800,24/06/2004 16:13:20,,27/07/2007 12:48:16,GS:MSYS:REF     ,,BlockedTradeStatus,BLTS,(BLOB),,
801,24/06/2004 16:13:20,,27/07/2007 12:48:16,GS:MSYS:REF     ,,TradeList,TRDL,(BLOB),,
802,24/06/2004 16:13:20,,27/07/2007 12:48:16,GS:MSYS:REF     ,,TradeListStatus,TLST,(BLOB),,
803,24/06/2004 16:13:20,,27/07/2007 12:48:16,GS:MSYS:REF     ,,DerivativeTradeExtension,EXDV,(BLOB),,
804,24/06/2004 16:13:20,,27/07/2007 12:48:16,GS:MSYS:REF     ,,ExecutedTradeAmounts,ETAM,(BLOB),,
805,24/06/2004 16:13:20,,27/07/2007 12:48:16,GS:MSYS:REF     ,,ExecutedTradeClassification,ETCL,(BLOB),,
806,24/06/2004 16:13:20,,27/07/2007 12:48:16,GS:MSYS:REF     ,,ExecutedTradeComment,ETCM,(BLOB),,
807,24/06/2004 16:13:20,,27/07/2007 12:48:16,GS:MSYS:REF     ,,ExecutedTradeStatistics,ETST,(BLOB),,
808,24/06/2004 16:13:20,,27/07/2007 12:48:16,GS:MSYS:REF     ,,FixedIncomeTradeExtension,EXFI,(BLOB),,
809,24/06/2004 16:13:20,,27/07/2007 12:48:16,GS:MSYS:REF     ,,ForeignCurrencyTradeExtension,EXFX,(BLOB),,
810,24/06/2004 16:13:20,,27/07/2007 12:48:16,GS:MSYS:REF     ,,MBSTradeExtension,EXMB,(BLOB),,
811,24/06/2004 16:13:20,,27/07/2007 12:48:16,GS:MSYS:REF     ,,MBSTradeAllocation,EXMA,(BLOB),,
812,24/06/2004 16:13:20,,27/07/2007 12:48:16,GS:MSYS:REF     ,,MBSTradeAllocationCriteria,EXMC,(BLOB),,
813,24/06/2004 16:13:20,,27/07/2007 12:48:16,GS:MSYS:REF     ,,TradeBargainCondition,EXBC,(BLOB),,
814,24/06/2004 16:13:20,,27/07/2007 12:48:16,GS:MSYS:REF     ,,TradeFirmExtension,EXFM,(BLOB),,
815,24/06/2004 16:13:20,,27/07/2007 12:48:16,GS:MSYS:REF     ,,TradeIssueLocationRestriction,EXIL,(BLOB),,
817,24/06/2004 16:13:20,,27/07/2007 12:48:16,GS:MSYS:REF     ,,TradeSalesCreditExtension,EXSC,(BLOB),,
818,25/06/2004 16:09:46,,27/07/2007 12:48:16,GS:MSYS:REF     ,,AuthorizedOrder,AUOR,(BLOB),,
819,28/07/2004 00:00:00,,27/07/2007 12:48:16,GS:MSYS:REF     ,,Dealer,DLER,(BLOB),,
820,28/07/2004 00:00:00,,27/07/2007 12:48:16,GS:MSYS:REF     ,,DealerCustomerRole,DLCR,(BLOB),,
821,28/07/2004 00:00:00,,27/07/2007 12:48:16,GS:MSYS:REF     ,,DLERGroupParticipant,DLGP,(BLOB),,
822,28/07/2004 00:00:00,,27/07/2007 12:48:16,GS:MSYS:REF     ,,DLERMarketingChannelDealerAssignment,MKCD,(BLOB),,
823,28/07/2004 00:00:00,,27/07/2007 12:48:16,GS:MSYS:REF     ,,DLBRMarketingAreaBranchAssignment,MKAB,(BLOB),,
824,28/07/2004 00:00:00,,27/07/2007 12:48:17,GS:MSYS:REF     ,,DLBRMarketingChannelBranchAssignment,MKCB,(BLOB),,
825,28/07/2004 00:00:00,,27/07/2007 12:48:17,GS:MSYS:REF     ,,DREPAccountDetails,ACDL,(BLOB),,
826,28/07/2004 00:00:00,,27/07/2007 12:48:17,GS:MSYS:REF     ,,DREPGroupParticipant,DRGP,(BLOB),,
827,28/07/2004 00:00:00,,27/07/2007 12:48:17,GS:MSYS:REF     ,,DREPMarketingAreaRepAssignment,MKAR,(BLOB),,
828,28/07/2004 00:00:00,,27/07/2007 12:48:17,GS:MSYS:REF     ,,DREPMarketingChannelRepAssignment,MKCR,(BLOB),,
829,28/07/2004 00:00:00,,27/07/2007 12:48:17,GS:MSYS:REF     ,,FinancialServicesProfessional,FPRO,(BLOB),,
830,28/07/2004 00:00:00,,27/07/2007 12:48:17,GS:MSYS:REF     ,,FPRODealerRepresentativeParticipant,DDRP,(BLOB),,
831,28/07/2004 00:00:00,,27/07/2007 12:48:17,GS:MSYS:REF     ,,ConsultingFirm,CFRM,(BLOB),,
832,28/07/2004 00:00:00,,27/07/2007 12:48:17,GS:MSYS:REF     ,,CFRMAccountContactAssignment,ACTA,(BLOB),,
833,28/07/2004 00:00:00,,27/07/2007 12:48:17,GS:MSYS:REF     ,,MarketingDivision,MKDV,(BLOB),,
834,28/07/2004 00:00:00,,27/07/2007 12:48:17,GS:MSYS:REF     ,,MarketingArea,MKAA,(BLOB),,
835,28/07/2004 00:00:00,,27/07/2007 12:48:17,GS:MSYS:REF     ,,MarketingAreaRepAssignment,MKAR,(BLOB),,
836,28/07/2004 00:00:00,,27/07/2007 12:48:17,GS:MSYS:REF     ,,MarketingAreaBranchAssignment,MKAB,(BLOB),,
837,28/07/2004 00:00:00,,27/07/2007 12:48:17,GS:MSYS:REF     ,,MarketingAreaEmployeeAssignment,MKAE,(BLOB),,
838,28/07/2004 00:00:00,,27/07/2007 12:48:17,GS:MSYS:REF     ,,MarketingChannel,MKCL,(BLOB),,
839,28/07/2004 00:00:00,,27/07/2007 12:48:17,GS:MSYS:REF     ,,MarketingChannelRepAssignment,MKCR,(BLOB),,
840,28/07/2004 00:00:00,,27/07/2007 12:48:17,GS:MSYS:REF     ,,MarketingChannelBranchAssignment,MKCB,(BLOB),,
841,28/07/2004 00:00:00,,27/07/2007 12:48:17,GS:MSYS:REF     ,,MarketingChannelDealerAssignment,MKCD,(BLOB),,
842,02/08/2004 00:00:00,,15/10/2018 20:11:25,GS:MSYS:REF     ,,BranchMergeInstruction,DBMI,(BLOB),,I
843,02/08/2004 00:00:00,,27/07/2007 12:48:17,GS:MSYS:REF     ,,DealerRepMergeInstruction,DRMI,(BLOB),,
844,02/08/2004 00:00:00,,27/07/2007 12:48:17,GS:MSYS:REF     ,,DealerMergeInstruction,DBMI,(BLOB),,
845,02/08/2004 00:00:00,,27/07/2007 12:48:17,GS:MSYS:REF     ,,DBMIBranchMergeInstruction,BRMI,(BLOB),,
846,02/08/2004 00:00:00,,27/07/2007 12:48:17,GS:MSYS:REF     ,,BRMIDealerRepMergeInstruction,DRMI,(BLOB),,
847,02/08/2004 00:00:00,,27/07/2007 12:48:17,GS:MSYS:REF     ,,MassUpdatePhoneNumber,MUPH,(BLOB),,
848,02/08/2004 00:00:00,,27/07/2007 12:48:17,GS:MSYS:REF     ,,MassUpdateOldPhoneExchange,MUPX,(BLOB),,
849,02/08/2004 00:00:00,,27/07/2007 12:48:17,GS:MSYS:REF     ,,TableMergeColumnControl,TBCC,(BLOB),,
850,02/08/2004 00:00:00,,27/07/2007 12:48:17,GS:MSYS:REF     ,,RelatedTable,TBRL,(BLOB),,
851,02/08/2004 00:00:00,,27/07/2007 12:48:17,GS:MSYS:REF     ,,RelatedTableColumnControl,TBRC,(BLOB),,
852,02/08/2004 00:00:00,,27/07/2007 12:48:17,GS:MSYS:REF     ,,DLBRElectronicAddress,EADR,(BLOB),,
853,02/08/2004 00:00:00,,27/07/2007 12:48:17,GS:MSYS:REF     ,,DLBRMailingAddress,MADR,(BLOB),,
854,02/08/2004 00:00:00,,27/07/2007 12:48:17,GS:MSYS:REF     ,,DLERElectronicAddress,EADR,(BLOB),,
855,02/08/2004 00:00:00,,27/07/2007 12:48:17,GS:MSYS:REF     ,,DLERMailingAddress,MADR,(BLOB),,
857,24/08/2004 16:35:54,,27/07/2007 12:48:18,GS:MSYS:REF     ,,AccountForeignTaxStatistics,AFXT,(BLOB),,
858,24/08/2004 16:35:54,,27/07/2007 12:48:18,GS:MSYS:REF     ,,DealerGroup,DLGR,(BLOB),,
859,24/08/2004 16:35:54,,27/07/2007 12:48:18,GS:MSYS:REF     ,,DealerGroupParticipant,DLGP,(BLOB),,
860,24/08/2004 16:35:54,,27/07/2007 12:48:18,GS:MSYS:REF     ,,CountryInformation,CNTY,(BLOB),,
861,24/08/2004 16:35:54,,27/07/2007 12:48:18,GS:MSYS:REF     ,,CountryRegionInformation,CNRG,(BLOB),,
862,24/08/2004 16:35:54,,27/07/2007 12:48:18,GS:MSYS:REF     ,,CountrySubdivisionInformation,CNDV,(BLOB),,
863,24/08/2004 16:35:54,,27/07/2007 12:48:18,GS:MSYS:REF     ,,CountryRegionSubdivisionInformation,CNDV,(BLOB),,
864,24/08/2004 16:40:45,,27/07/2007 12:48:18,GS:MSYS:REF     ,,ASWPRecepientInstruction,RPIN,(BLOB),,
865,24/08/2004 16:40:45,,27/07/2007 12:48:18,GS:MSYS:REF     ,,APADRecepientInstruction,RPIN,(BLOB),,
866,24/08/2004 16:40:45,,27/07/2007 12:48:18,GS:MSYS:REF     ,,MADRRecepientInstruction,RPIN,(BLOB),,
867,24/08/2004 16:48:52,,27/07/2007 12:48:18,GS:MSYS:REF     ,,ACCTElectronicAddress,EADR,(BLOB),,
868,24/08/2004 16:48:52,,27/07/2007 12:48:18,GS:MSYS:REF     ,,EADRAddressType,ADTP,(BLOB),,
869,24/08/2004 16:48:52,,27/07/2007 12:48:18,GS:MSYS:REF     ,,MADRAddressType,ADTP,(BLOB),,
870,24/08/2004 16:48:52,,27/07/2007 12:48:18,GS:MSYS:REF     ,,CUSTDealerCustomerRole,DLCR,(BLOB),,
871,24/08/2004 16:48:52,,27/07/2007 12:48:18,GS:MSYS:REF     ,,EMPLMarketingAreaEmployeeAssignment,MKAE,(BLOB),,
872,24/08/2004 16:48:52,,27/07/2007 12:48:18,GS:MSYS:REF     ,,EMRLMarketingAreaEmployeeAssignment,MKAE,(BLOB),,
876,24/08/2004 16:48:52,,27/07/2007 12:48:18,GS:MSYS:REF     ,,EADRRecepientInstruction,RPIN,(BLOB),,
877,24/08/2004 16:48:52,,27/07/2007 12:48:18,GS:MSYS:REF     ,,MailingAddressComponents,MADC,(BLOB),,
878,02/09/2004 17:54:26,,27/07/2007 12:48:18,GS:MSYS:REF     ,,DealerBranch,DLBR,(BLOB),,
879,02/09/2004 17:54:26,,27/07/2007 12:48:18,GS:MSYS:REF     ,,DealerRepresentative,DREP,(BLOB),,
880,14/09/2004 13:45:46,,27/07/2007 12:48:18,GS:MSYS:REF     ,,DealerRepresentativeGroup,DRGR,(BLOB),,
881,14/09/2004 13:45:46,,27/07/2007 12:48:18,GS:MSYS:REF     ,,DealerRepresentativeGroupParticipant,DRGP,(BLOB),,
882,25/10/2004 17:47:39,,27/07/2007 12:48:18,GS:MSYS:REF     ,,IssueTaxStatistics,ITXT,(BLOB),,
883,25/10/2004 17:47:39,,27/07/2007 12:48:18,GS:MSYS:REF     ,,AccountCalendarParticipant,ACCA,(BLOB),,
884,08/11/2004 09:56:48,,27/07/2007 12:48:18,GS:MSYS:REF     ,,CUGRTradeLimitInstruction,TRLM,(BLOB),,
885,13/01/2005 11:40:34,,27/07/2007 12:48:18,GS:MSYS:REF     ,,CUSTStandardSettlementInstructions,SSIS,(BLOB),,
886,13/01/2005 11:40:34,,27/07/2007 12:48:18,GS:MSYS:REF     ,,ACCTStandardSettlementInstructions,SSIS,(BLOB),,
887,13/01/2005 11:40:34,,27/07/2007 12:48:18,GS:MSYS:REF     ,,FINSStandardSettlementInstructions,SSIS,(BLOB),,
888,13/01/2005 11:40:34,,27/07/2007 12:48:18,GS:MSYS:REF     ,,SUBDStandardSettlementInstructions,SSIS,(BLOB),,
889,13/01/2005 11:40:34,,27/07/2007 12:48:18,GS:MSYS:REF     ,,GUNTStandardSettlementInstructions,SSIS,(BLOB),,
890,13/01/2005 11:40:34,,27/07/2007 12:48:18,GS:MSYS:REF     ,,ITGRStandardSettlementInstructions,SSIS,(BLOB),,
891,13/01/2005 11:40:34,,27/07/2007 12:48:18,GS:MSYS:REF     ,,FINRStandardSettlementInstructions,SSIS,(BLOB),,
892,13/01/2005 11:40:34,,27/07/2007 12:48:18,GS:MSYS:REF     ,,MRKTStandardSettlementInstructions,SSIS,(BLOB),,
893,28/01/2005 17:43:19,,27/07/2007 12:48:19,GS:MSYS:REF     ,,PackageInstruction,PKIN,(BLOB),,
894,28/01/2005 17:43:19,,27/07/2007 12:48:19,GS:MSYS:REF     ,,ACCTPackageInstruction,PKIN,(BLOB),,
895,28/01/2005 17:43:19,,27/07/2007 12:48:19,GS:MSYS:REF     ,,LegalAgreementGeneralComment,GNCM,(BLOB),,
896,07/02/2005 17:37:09,,27/07/2007 12:48:19,GS:MSYS:REF     ,,ISIDMarketIssueCharacteristics,MKIS,(BLOB),,
897,25/02/2005 17:00:06,,27/07/2007 12:48:19,GS:MSYS:REF     ,,CalendarDateParticipant,CADP,(BLOB),,
898,02/06/2005 13:53:44,,27/07/2007 12:48:19,GS:MSYS:REF     ,,BOOKCalendarParticipant,BKCA,(BLOB),,
899,02/06/2005 13:53:44,,27/07/2007 12:48:19,GS:MSYS:REF     ,,PKDFPackageContents,PKCT,(BLOB),,
900,02/06/2005 13:53:44,,27/07/2007 12:48:19,GS:MSYS:REF     ,,SUBDCalendarParticipant,SUCA,(BLOB),,
901,02/06/2005 13:53:44,,27/07/2007 12:48:19,GS:MSYS:REF     ,,EXTRStatus,EXST,(BLOB),,
902,02/06/2005 13:53:44,,27/07/2007 12:48:19,GS:MSYS:REF     ,,EXTRCounterParty,TRCP,(BLOB),,
903,02/06/2005 13:53:44,,27/07/2007 12:48:19,GS:MSYS:REF     ,,PackageDefinition,PKDF,(BLOB),,
904,02/06/2005 13:53:44,,27/07/2007 12:48:19,GS:MSYS:REF     ,,SettlementLocation,SLOC,(BLOB),,
905,02/06/2005 13:53:44,,27/07/2007 12:48:19,GS:MSYS:REF     ,,OutputDefinition,OTDF,(BLOB),,
906,05/07/2005 14:43:18,,27/07/2007 12:49:24,GS:MSYS:BM      ,,PerfValuesByAccount,PVAC,(BLOB),,
907,05/07/2005 14:43:18,,27/07/2007 12:49:24,GS:MSYS:BM      ,,PVACPerfCumulativesByAccount,PCAC,(BLOB),,
908,05/07/2005 14:43:18,,27/07/2007 12:49:24,GS:MSYS:BM      ,,PVACPerfAnalyticsByAccount,PNAC,(BLOB),,
909,05/07/2005 14:43:18,,27/07/2007 12:49:24,GS:MSYS:BM      ,,PVACPerfFlowOnDate,PRFD,(BLOB),,
910,05/07/2005 14:43:18,,27/07/2007 12:49:24,GS:MSYS:BM      ,,PerfValuesBySecurityOrSegment,PVSS,(BLOB),,
911,05/07/2005 14:43:18,,27/07/2007 12:49:24,GS:MSYS:BM      ,,PVSSPerfCumulativesBySecurityOrSegment,PCSE,(BLOB),,
912,05/07/2005 14:43:18,,27/07/2007 12:49:24,GS:MSYS:BM      ,,PVSSPerfAnalyticsBySecurity,PNSE,(BLOB),,
913,05/07/2005 14:43:18,,27/07/2007 12:49:24,GS:MSYS:BM      ,,PVSSPerfAnalyticsBySegment,PNSG,(BLOB),,
914,05/07/2005 14:43:18,,27/07/2007 12:49:24,GS:MSYS:BM      ,,PVSSPerfFlowOnDate,PRFD,(BLOB),,
915,05/07/2005 14:43:18,,27/07/2007 12:49:24,GS:MSYS:BM      ,,PerfValuesByComposite,PVCO,(BLOB),,
916,05/07/2005 14:43:18,,27/07/2007 12:49:24,GS:MSYS:BM      ,,PVCOPerfCumulativesByComposite,PCCO,(BLOB),,
917,05/07/2005 14:43:18,,27/07/2007 12:49:24,GS:MSYS:BM      ,,PVCOPerfAnalyticsByComposite,PNCO,(BLOB),,
918,05/07/2005 14:43:18,,27/07/2007 12:49:24,GS:MSYS:BM      ,,PerfAnalyticsDefinition,PNDF,(BLOB),,
919,05/07/2005 14:43:18,,27/07/2007 12:49:24,GS:MSYS:BM      ,,PNDFPerfAnalyticsParticipants,PNPP,(BLOB),,
920,05/07/2005 14:43:18,,27/07/2007 12:49:24,GS:MSYS:BM      ,,BNCHPerfBenchmarkValuesByPeriod,PBVP,(BLOB),,
921,05/07/2005 14:43:18,,27/07/2007 12:49:24,GS:MSYS:BM      ,,PBVPPerfBenchmarkCumulatives,PBCU,(BLOB),,
922,05/07/2005 14:43:18,,27/07/2007 12:49:24,GS:MSYS:BM      ,,BNPTPerfBenchmarkValuesByPeriod,PBVP,(BLOB),,
923,14/07/2005 15:35:44,,27/07/2007 12:48:19,GS:MSYS:REF     ,,BalanceHistory,BALH,(BLOB),,
924,05/07/2005 14:43:18,,27/07/2007 12:49:24,GS:MSYS:BM      ,,TransactionEventClassification,TVCL,(BLOB),,
925,09/08/2005 09:56:57,,27/07/2007 12:48:19,GS:MSYS:REF     ,,ENTRStandardSettlementInstructions,SSIS,(BLOB),,
926,12/09/2005 14:57:28,,27/07/2007 12:48:19,GS:MSYS:REF     ,,IATCIssueActionPrtTaxCharacteristics,IATP,(BLOB),,
927,19/10/2005 15:16:03,,27/07/2007 12:48:19,GS:MSYS:REF     ,,ACCTBenchmarkRole,ABMR,(BLOB),,
928,19/10/2005 15:16:03,,27/07/2007 12:48:19,GS:MSYS:REF     ,,ACCTIssueRole,AISR,(BLOB),,
932,19/10/2005 15:16:03,,27/07/2007 12:48:19,GS:MSYS:REF     ,,ENTRPeriodCharactertistics,PDCH,(BLOB),,
933,19/10/2005 15:16:03,,15/10/2018 20:11:25,GS:MSYS:REF     ,,ScheduleDefination,SCDF,(BLOB),,I
934,19/10/2005 15:16:03,,27/07/2007 12:48:19,GS:MSYS:REF     ,,SCDFTickler,SCDT,(BLOB),,
935,19/10/2005 15:16:04,,27/07/2007 12:48:19,GS:MSYS:REF     ,,ISSUAccountRole,AISR,(BLOB),,
936,19/10/2005 15:16:04,,27/07/2007 12:48:19,GS:MSYS:REF     ,,BNCHAccountRole,ABMR,(BLOB),,
937,19/10/2005 15:16:04,,27/07/2007 12:48:19,GS:MSYS:REF     ,,PKDFPackageInstruction,PKIN,(BLOB),,
938,19/10/2005 15:16:04,,27/07/2007 12:48:19,GS:MSYS:REF     ,,PLNEPackageInstruction,PKIN,(BLOB),,
939,22/02/2006 13:57:05,,27/07/2007 12:48:19,GS:MSYS:REF     ,,FINSGeneralDocument,GDOC,(BLOB),,
940,22/02/2006 13:57:05,,27/07/2007 12:48:19,GS:MSYS:REF     ,,GDOCGeneralDocumentHistory,GDCH,(BLOB),,
941,30/03/2006 11:05:44,,27/07/2007 12:48:19,GS:MSYS:REF     ,,EMPLProductFeatureRole,EPFR,(BLOB),,
942,30/03/2006 11:05:44,,27/07/2007 12:48:19,GS:MSYS:REF     ,,MKISMarketIssueCrossReference,MIXR,(BLOB),,
943,30/03/2006 11:05:45,,27/07/2007 12:48:20,GS:MSYS:REF     ,,ISIDIssueIdentifier,ISID,(BLOB),,
944,30/03/2006 11:05:45,,27/07/2007 12:48:20,GS:MSYS:REF     ,,ISIDMarketIssueCrossReference,MIXR,(BLOB),,
945,07/02/2005 17:37:09,,27/07/2007 12:48:20,GS:MSYS:REF     ,,MarketIssueRestriction,MISR,(BLOB),,
946,09/06/2006 00:00:00,,27/07/2007 12:48:20,GS:MSYS:REF     ,,CUSTCustomerDocument,CDOC,(BLOB),,
947,09/06/2006 00:00:00,,27/07/2007 12:48:20,GS:MSYS:REF     ,,CDOCCustomerDocumentHistory,CDCH,(BLOB),,
948,09/06/2006 00:00:00,,27/07/2007 12:48:20,GS:MSYS:REF     ,,ISSRIssuerDescription,IRDE,(BLOB),,
949,09/06/2006 00:00:00,,27/07/2007 12:48:20,GS:MSYS:REF     ,,PFTRProductFeeSpecification,PRFS,(BLOB),,
950,09/06/2006 00:00:00,,27/07/2007 12:48:20,GS:MSYS:REF     ,,PRFSProductFeeRateTier,PFRT,(BLOB),,
951,02/08/2006 17:46:25,,27/07/2007 12:48:20,GS:MSYS:REF     ,,ChangeAuditLog,CHAL,(BLOB),,
952,26/10/2006 18:44:11,,27/07/2007 12:48:20,GS:MSYS:REF     ,,ADTPAddressTypeUsageStatistic,ADST,(BLOB),,
953,26/10/2006 18:44:11,,27/07/2007 12:48:20,GS:MSYS:REF     ,,ACCTInvestmentInformation,INVI,(BLOB),,
954,26/10/2006 18:44:11,,27/07/2007 12:48:20,GS:MSYS:REF     ,,CUSTInvestmentInformation,INVI,(BLOB),,
955,26/10/2006 18:44:11,,27/07/2007 12:48:20,GS:MSYS:REF     ,,INVIInvestmentCriteria,INVC,(BLOB),,
956,26/10/2006 18:44:11,,27/07/2007 12:48:20,GS:MSYS:REF     ,,INVCInvestmentCriteriaDetail,INVD,(BLOB),,
957,26/10/2006 18:44:11,,27/07/2007 12:48:20,GS:MSYS:REF     ,,PaymentOptions,PYOP,(BLOB),,
958,26/10/2006 18:44:11,,27/07/2007 12:48:20,GS:MSYS:REF     ,,ACCTPaymentOptions,PYOP,(BLOB),,
959,26/10/2006 18:44:11,,27/07/2007 12:48:20,GS:MSYS:REF     ,,POSNPaymentOptions,PYOP,(BLOB),,
960,26/10/2006 18:44:11,,27/07/2007 12:48:20,GS:MSYS:REF     ,,PRODPaymentOptions,PYOP,(BLOB),,
961,26/10/2006 18:44:11,,27/07/2007 12:48:20,GS:MSYS:REF     ,,PFTRPaymentOptions,PYOP,(BLOB),,
962,26/10/2006 18:44:11,,27/07/2007 12:48:20,GS:MSYS:REF     ,,PFCHPaymentOptions,PYOP,(BLOB),,
963,26/10/2006 18:44:11,,27/07/2007 12:48:20,GS:MSYS:REF     ,,PFCHProductFeatureAccountRole,PFAR,(BLOB),,
964,26/10/2006 18:44:11,,27/07/2007 12:48:20,GS:MSYS:REF     ,,PFCHProductFeatureAddnlCharacteristic,PFAC,(BLOB),,
965,26/10/2006 18:44:11,,27/07/2007 12:48:20,GS:MSYS:REF     ,,PFCDProductFeatureAddnlCharacteristic,PFAC,(BLOB),,
966,26/10/2006 18:44:11,,27/07/2007 12:48:20,GS:MSYS:REF     ,,ProductFeatureCharDefinition,PFCD,(BLOB),,
967,26/10/2006 18:44:11,,27/07/2007 12:48:20,GS:MSYS:REF     ,,PFCDProductFeatureCharDomainValue,PFCV,(BLOB),,
968,26/10/2006 18:44:11,,27/07/2007 12:48:20,GS:MSYS:REF     ,,PRODProductFeatureCharacteristics,PFCH,(BLOB),,
969,26/10/2006 18:44:11,,27/07/2007 12:48:20,GS:MSYS:REF     ,,PFTRProductFeatureCharacteristics,PFCH,(BLOB),,
970,26/10/2006 18:44:11,,27/07/2007 12:48:20,GS:MSYS:REF     ,,ACCTProductFeatureCharacteristics,PFCH,(BLOB),,
971,26/10/2006 18:44:11,,27/07/2007 12:48:20,GS:MSYS:REF     ,,PFCHProductFeatureCurrency,PFCY,(BLOB),,
972,26/10/2006 18:44:12,,27/07/2007 12:48:20,GS:MSYS:REF     ,,PRODProductFeatureDocument,PFDC,(BLOB),,
973,26/10/2006 18:44:12,,27/07/2007 12:48:20,GS:MSYS:REF     ,,PFTRProductFeatureDocument,PFDC,(BLOB),,
974,26/10/2006 18:44:12,,27/07/2007 12:48:20,GS:MSYS:REF     ,,PFCHProductFeatureDocument,PFDC,(BLOB),,
975,26/10/2006 18:44:12,,27/07/2007 12:48:20,GS:MSYS:REF     ,,ProductFeatureDocumentHistory,PFDH,(BLOB),,
976,26/10/2006 18:44:12,,27/07/2007 12:48:21,GS:MSYS:REF     ,,ENTREnterpriseProductParticipant,ENPR,(BLOB),,
977,26/10/2006 18:44:12,,27/07/2007 12:48:21,GS:MSYS:REF     ,,PRODEnterpriseProductParticipant,ENPR,(BLOB),,
978,26/10/2006 18:44:26,,27/07/2007 12:48:21,GS:MSYS:REF     ,,CUSTCustomerExternalAccountRole,CEAR,(BLOB),,
979,26/10/2006 18:44:26,,27/07/2007 12:48:21,GS:MSYS:REF     ,,EXACCustomerExternalAccountRole,CEAR,(BLOB),,
980,26/10/2006 18:44:26,,27/07/2007 12:48:21,GS:MSYS:REF     ,,PFCHProductFeatureAccountParticipant,PFAP,(BLOB),,
981,26/10/2006 18:44:26,,27/07/2007 12:48:21,GS:MSYS:REF     ,,ACCTProductFeatureAccountParticipant,PFAP,(BLOB),,
982,26/10/2006 18:44:26,,27/07/2007 12:48:21,GS:MSYS:REF     ,,PFCHProductFeatureAdditionalAmount,PFAA,(BLOB),,
983,26/10/2006 18:44:26,,27/07/2007 12:48:21,GS:MSYS:REF     ,,PFCHProductFeatureAmounts,PFAM,(BLOB),,
984,26/10/2006 18:44:26,,27/07/2007 12:48:21,GS:MSYS:REF     ,,SSISStandardSettlementInstitutionRole,SSIR,(BLOB),,
985,26/10/2006 18:44:26,,27/07/2007 12:48:21,GS:MSYS:REF     ,,FINRStandardSettlementInstitutionRole,SSIR,(BLOB),,
986,26/10/2006 18:44:26,,27/07/2007 12:48:21,GS:MSYS:REF     ,,STDFStatisticDomainValue,STDV,(BLOB),,
987,26/10/2006 18:44:26,,27/07/2007 12:48:21,GS:MSYS:REF     ,,IncomePaymentDefReplace,IPDF,(BLOB),,D
988,26/10/2006 18:44:26,,27/07/2007 12:48:21,GS:MSYS:REF     ,,PrincipalPaymentDefReplace,PPDF,(BLOB),,D
989,18/01/2007 16:26:41,,27/07/2007 12:48:21,GS:MSYS:REF     ,,FieldDefinition,FLDF,(BLOB),,
990,18/01/2007 16:26:41,,27/07/2007 12:48:21,GS:MSYS:REF     ,,FieldDataClassDefinition,FCDF,(BLOB),,
991,26/10/2006 18:50:08,,27/07/2007 12:48:21,GS:MSYS:REF     ,,RISSRelatedIssueCrossReference,RIXR,(BLOB),,
992,26/10/2006 18:50:08,,27/07/2007 12:48:21,GS:MSYS:REF     ,,IADCIssueActionInformation,IAIN,(BLOB),,
993,26/10/2006 18:50:08,,27/07/2007 12:48:21,GS:MSYS:REF     ,,ISSUIssueActionInformation,IAIN,(BLOB),,
994,19/04/2007 15:20:46,,27/07/2007 12:48:21,GS:MSYS:REF     ,,IssuerComment,GNCM,(BLOB),,
995,19/04/2007 15:20:46,,27/07/2007 12:48:21,GS:MSYS:REF     ,,IssuerIdentifierComment,GNCM,(BLOB),,
996,19/04/2007 15:20:47,,27/07/2007 12:48:21,GS:MSYS:REF     ,,ProductFeatureGroup,PFGR,(BLOB),,
997,19/04/2007 15:20:47,,27/07/2007 12:48:21,GS:MSYS:REF     ,,ProductFeatureGroupParticipant,PFGP,(BLOB),,
998,19/04/2007 15:20:56,,27/07/2007 12:48:21,GS:MSYS:REF     ,,ISSRIssueActionInformation,IAIN,(BLOB),,
999,19/04/2007 15:21:29,,27/07/2007 12:48:21,GS:MSYS:REF     ,,IssuerBenchmarkRole,IRBR,(BLOB),,
1000,24/04/2005 03:43:15,,27/07/2007 12:49:24,GS:MSYS:BM      ,,BenchmarkType,BNTY,(BLOB),,
1001,24/04/2005 03:43:15,,27/07/2007 12:49:24,GS:MSYS:BM      ,,BenchmarkDefinition,BNCH,(BLOB),,
1002,24/04/2005 03:43:15,,27/07/2007 12:49:24,GS:MSYS:BM      ,,BNCHIdentifier,BNID,(BLOB),,
1003,24/04/2005 03:43:15,,27/07/2007 12:49:24,GS:MSYS:BM      ,,BNCHComment,BNCM,(BLOB),,
1004,24/04/2005 03:43:15,,27/07/2007 12:49:24,GS:MSYS:BM      ,,BNCHGeographicUnit,BNGU,(BLOB),,
1005,24/04/2005 03:43:15,,27/07/2007 12:49:24,GS:MSYS:BM      ,,BNCHRebalanceSchedule,BNRS,(BLOB),,
1006,24/04/2005 03:43:15,,27/07/2007 12:49:24,GS:MSYS:BM      ,,BNCHClassification,BNCL,(BLOB),,
1007,24/04/2005 03:43:15,,27/07/2007 12:49:24,GS:MSYS:BM      ,,BNCHRating,BNRT,(BLOB),,
1008,24/04/2005 03:43:15,,27/07/2007 12:49:24,GS:MSYS:BM      ,,BNCHStatistics,BNST,(BLOB),,
1009,24/04/2005 03:43:15,,27/07/2007 12:49:25,GS:MSYS:BM      ,,BNCHStandardStatistics,BNSS,(BLOB),,
1010,24/04/2005 03:43:15,,27/07/2007 12:49:25,GS:MSYS:BM      ,,BNCHAnalytics,BNAN,(BLOB),,
1011,24/04/2005 03:43:15,,27/07/2007 12:49:25,GS:MSYS:BM      ,,BNCHValues,BNVL,(BLOB),,
1012,24/04/2005 03:43:15,,27/07/2007 12:49:25,GS:MSYS:BM      ,,BNVLByCurrency,BNVC,(BLOB),,
1013,24/04/2005 03:43:15,,27/07/2007 12:49:25,GS:MSYS:BM      ,,BNVLByPeriod,BNVP,(BLOB),,
1014,24/04/2005 03:43:15,,27/07/2007 12:49:25,GS:MSYS:BM      ,,BNCHParticipant,BNPT,(BLOB),,
1015,24/04/2005 03:43:15,,27/07/2007 12:49:25,GS:MSYS:BM      ,,BNPTStatistics,BNPS,(BLOB),,
1016,24/04/2005 03:43:15,,27/07/2007 12:49:25,GS:MSYS:BM      ,,BNPTValues,BNVL,(BLOB),,
1017,24/04/2005 03:43:15,,27/07/2007 12:49:25,GS:MSYS:BM      ,,BNPTSubParticipant,BNSP,(BLOB),,
1018,24/04/2005 03:43:15,,27/07/2007 12:49:25,GS:MSYS:BM      ,,BNSPValues,BNSV,(BLOB),,
1019,02/06/2005 13:50:57,,27/07/2007 12:49:25,GS:MSYS:BM      ,,BNPTMandatedWeights,BNMW,(BLOB),,
1020,02/06/2005 13:50:57,,27/07/2007 12:49:25,GS:MSYS:BM      ,,BenchmarkParameters,BNPM,(BLOB),,
1021,20/07/2005 13:31:15,,27/07/2007 12:49:25,GS:MSYS:BM      ,,BNCHProcessStatus,BPST,(BLOB),,
1022,20/07/2005 13:31:15,,27/07/2007 12:49:25,GS:MSYS:BM      ,,BNCHCorrections,BCOR,(BLOB),,
1023,18/10/2005 12:09:25,,27/07/2007 12:49:25,GS:MSYS:BM      ,,BNCHCorrectionSequence,BNCS,(BLOB),,
1028,19/04/2007 15:20:47,,27/07/2007 12:49:25,GS:MSYS:BM      ,,BNCHIssueBenchmarkRole,IBMR,(BLOB),,
1029,01/06/2007 12:00:00,,30/06/2007 12:00:00,GS:MSYS:REF     ,,InvestmentInformationDetail,INVL,(BLOB),,
1030,19/04/2007 15:20:47,,19/04/2007 15:20:47,GS:MSYS:BM      ,,BenchmarkGroup,BNGR,(BLOB),,
1031,19/04/2007 15:20:47,,19/04/2007 15:20:47,GS:MSYS:BM      ,,BenchmarkGroupParticipant,BNGP,(BLOB),,
1033,19/04/2007 15:20:47,,19/04/2007 15:20:47,GS:MSYS:REF     ,,ISSUIssueBenchmarkRole,IBMR,(BLOB),,
1040,03/08/2007 14:48:58,,03/08/2007 14:48:58,GS:MSYS:REF     ,,BNCHIssuerBenchmarkRole,IRBR,(BLOB),,
1200,27/07/2007 12:50:14,,27/07/2007 12:50:14,GS:MSYS:REF     ,,EarningsPerShareStatistics,EPST,(BLOB),,
1201,27/07/2007 12:50:14,,27/07/2007 12:50:14,GS:MSYS:REF     ,,MarketIssueQuantityStatistics,MKQS,(BLOB),,
1202,27/07/2007 12:49:28,,27/07/2007 12:49:28,GS:MSYS:REF     ,,FinancialInstitutionDocument,FIDC,(BLOB),,
1203,27/07/2007 12:49:28,,27/07/2007 12:49:28,GS:MSYS:REF     ,,FinancialInstitutionDocumentHistory,FIDH,(BLOB),,
1204,27/07/2007 12:49:28,,27/07/2007 12:49:28,GS:MSYS:REF     ,,ExternalIndustryClassification,EINC,(BLOB),,
1205,27/07/2007 12:49:28,,27/07/2007 12:49:28,GS:MSYS:REF     ,,BranchGroup,BRGR,(BLOB),,
1206,27/07/2007 12:49:28,,27/07/2007 12:49:28,GS:MSYS:REF     ,,BranchGroupParticipant,BRGP,(BLOB),,
1207,27/07/2007 12:49:28,,27/07/2007 12:49:28,GS:MSYS:REF     ,,MarketingAreaGeographicUnit,MKAG,(BLOB),,
1208,27/07/2007 12:49:28,,27/07/2007 12:49:28,GS:MSYS:REF     ,,SCISStandardConfirmSettleInstructionPrt,SCSP,(BLOB),,
1209,27/07/2007 12:49:28,,27/07/2007 12:49:28,GS:MSYS:REF     ,,SSISStandardConfirmSettleInstructionPrt,SCSP,(BLOB),,
1210,27/07/2007 12:49:28,,27/07/2007 12:49:28,GS:MSYS:REF     ,,EmptyFieldMatch,EMFM,(BLOB),,
1211,27/07/2007 12:49:28,,27/07/2007 12:49:28,GS:MSYS:REF     ,,ConsolidationStatus,CNST,(BLOB),,
1212,27/07/2007 12:49:29,,27/07/2007 12:49:29,GS:MSYS:REF     ,,ConsolidationBasis,CNBS,(BLOB),,
1213,27/07/2007 12:49:29,,27/07/2007 12:49:29,GS:MSYS:REF     ,,VendorHierarchyDefinition,VHDF,(BLOB),,
1214,27/07/2007 12:49:29,,27/07/2007 12:49:29,GS:MSYS:REF     ,,VendorHierarchySource,VHSR,(BLOB),,
1215,27/07/2007 12:49:29,,27/07/2007 12:49:29,GS:MSYS:REF     ,,PriceValidationInstructions,PRVI,(BLOB),,
1216,28/07/2007 00:33:33,,28/07/2007 00:33:33,GS:MSYS:REF     ,,SubscriptionDefinition,SBDF,(BLOB),,
1217,28/07/2007 00:33:33,,28/07/2007 00:33:33,GS:MSYS:REF     ,,SubscriptionGroup,SBGR,(BLOB),,
1218,28/07/2007 00:33:33,,28/07/2007 00:33:33,GS:MSYS:REF     ,,DownstreamSystemDefinition,DWDF,(BLOB),,
1219,28/07/2007 00:33:33,,28/07/2007 00:33:33,GS:MSYS:REF     ,,SubscriptionParticipant,SBGP,(BLOB),,
1220,28/07/2007 00:33:33,,28/07/2007 00:33:33,GS:MSYS:REF     ,,SubscriptionGroupParticipant,SBGP,(BLOB),,
1221,28/07/2007 00:33:33,,28/07/2007 00:33:33,GS:MSYS:REF     ,,BusinessEntityFilter,BEFL,(BLOB),,
1222,28/07/2007 00:33:33,,28/07/2007 00:33:33,GS:MSYS:REF     ,,SubscriptionDataSourcePrt,SDSP,(BLOB),,
1223,28/07/2007 00:33:33,,28/07/2007 00:33:33,GS:MSYS:REF     ,,NotificationPriorityProperty,NPPR,(BLOB),,
1224,28/07/2007 00:33:33,,28/07/2007 00:33:33,GS:MSYS:REF     ,,NotificationKnowledgeBase,NTKB,(BLOB),,
1225,28/07/2007 00:33:33,,28/07/2007 00:33:33,GS:MSYS:REF     ,,NotificationPriorityClassification,NPCL,(BLOB),,
1226,28/07/2007 00:33:33,,28/07/2007 00:33:33,GS:MSYS:REF     ,,IssuePriceStatus,ISPS,(BLOB),,
1227,28/07/2007 00:33:33,,28/07/2007 00:33:33,GS:MSYS:REF     ,,MissingPrices,MPRC,(BLOB),,
1228,28/07/2007 00:33:34,,28/07/2007 00:33:34,GS:MSYS:REF     ,,GeographicUnitIdentifier,GUID,(BLOB),,
1229,03/08/2007 14:55:22,,03/08/2007 14:55:22,GS:MSYS:REF     ,,IssueRegulatoryRestrictions,ISRR,(BLOB),,
1230,03/08/2007 14:55:22,,03/08/2007 14:55:22,GS:MSYS:REF     ,,GeneralColumnComment,GCCM,(BLOB),,
1231,03/08/2007 14:55:53,,03/08/2007 14:55:53,GS:MSYS:REF     ,,ExternalRatingValue,ERVL,(BLOB),,
1232,10/10/2007 13:24:48,,10/10/2007 13:24:48,GS:MSYS:REF     ,,IssueIdentifierComment,GNCM,(BLOB),,
1233,06/11/2007 12:23:24,,06/11/2007 12:23:24,GS:MSYS:REF     ,,IssueClassificationComment,GNCM,(BLOB),,
1234,14/01/2008 15:28:40,,14/01/2008 15:28:40,GS:MSYS:REF     ,,DCDFCustomerCorrespondenceSent,CCSE,(BLOB),,
1235,14/01/2008 15:28:40,,14/01/2008 15:28:40,GS:MSYS:REF     ,,DCDFCustomerCorrespondenceReceived,CCRC,(BLOB),,
1236,04/02/2008 08:51:19,,04/02/2008 08:51:19,GS:MSYS:REF     ,,FXRateStatus,FXRS,(BLOB),,
1246,09/10/2008 00:00:00,,09/10/2008 00:00:00,GS:MSYS:REF     ,,FinsRoleAccountParticipantComment,GNCM,(BLOB),,
1247,30/10/2008 14:00:41,,30/10/2008 14:00:41,GS:MSYS:REF     ,,ACCTLoanMarginRestriction,CMPP,(BLOB),,
1249,03/03/2009 14:45:22,,03/03/2009 14:45:22,GS:MSYS:REF,,EADRModelReval,EADR,(BLOB),,
1250,03/03/2009 14:45:22,,03/03/2009 14:45:22,GS:MSYS:REF,,ADTPModelReval,ADTP,(BLOB),,
1251,15/04/2009 17:11:46,,15/04/2009 17:11:46,GS:MSYS:REF,,MatrixDefinition,MTRX,(BLOB),,
1252,15/04/2009 17:11:46,,15/04/2009 17:11:46,GS:MSYS:REF,,MatrixInstance,MTXI,(BLOB),,
1253,15/04/2009 17:11:46,,15/04/2009 17:11:46,GS:MSYS:REF,,MatrixPointValue,MTXV,(BLOB),,
1255,15/04/2009 17:11:46,,15/04/2009 17:11:46,GS:MSYS:REF,,MatrixMethodOperandValue,MTOV,(BLOB),,
1256,15/04/2009 17:11:46,,15/04/2009 17:11:46,GS:MSYS:REF,,MatrixFieldDefinition,MTFD,(BLOB),,
1257,15/04/2009 17:11:46,,15/04/2009 17:11:46,GS:MSYS:REF,,MatrixFieldDomainValue,MTFC,(BLOB),,
1258,28/01/2009 12:17:35,,28/01/2009 12:17:35,GS:MSYS:REF,,BenchmarkSecurityType,BNSY,(BLOB),,
1259,26/01/2009 11:19:07,,26/01/2009 11:19:07,GS:MSYS:REF     ,,ISPCSpreadStatistics,SPRD,(BLOB),,
1260,20/02/2009 11:58:50,,20/02/2009 11:58:50,GS:MSYS:REF,,AccountTradeAllocation,ATAL,(BLOB),,
1261,20/02/2009 11:58:51,,20/02/2009 11:58:51,GS:MSYS:REF,,AuthorisedOrderRole,AOAR,(BLOB),,
1262,20/02/2009 11:58:51,,20/02/2009 11:58:51,GS:MSYS:REF,,BlockedTradeIdentifier,BTID,(BLOB),,
1263,17/03/2009 21:50:57,,17/03/2009 21:50:57,GS:MSYS:REF,,MRKTMarketMarketRole,MMRL,(BLOB),,
1264,17/03/2009 21:50:57,,17/03/2009 21:50:57,GS:MSYS:REF,,EXTRTradeTradeRole,TTRL,(BLOB),,
1265,17/03/2009 21:54:13,,15/10/2018 20:11:25,GS:MSYS:REF,,EMPLEmployeeRole,EMRL,(BLOB),,I
1266,15/04/2009 17:12:45,,15/04/2009 17:12:45,GS:MSYS:REF,,BreakupInstruction,BRIN,(BLOB),,
1267,15/04/2009 17:12:45,,15/04/2009 17:12:45,GS:MSYS:REF,,ConflictingEntity,CNEN,(BLOB),,
1268,15/04/2009 17:12:45,,15/04/2009 17:12:45,GS:MSYS:REF,,BRINConflictingEntity,CNEN,(BLOB),,
1269,15/04/2009 17:12:45,,15/04/2009 17:12:45,GS:MSYS:REF,,ProbableEntityMatch,PENM,(BLOB),,
1270,15/04/2009 17:12:45,,15/04/2009 17:12:45,GS:MSYS:REF,,CNSTProbableEntityMatch,PENM,(BLOB),,
1272,14/05/2009 11:42:29,,14/05/2009 11:42:29,GS:MSYS:REF,,ISSUGeneralTableStatus,GTBS,(BLOB),,
1273,14/05/2009 11:42:29,,14/05/2009 11:42:29,GS:MSYS:REF,,MTRXGeneralTableStatus,GTBS,(BLOB),,
1274,14/05/2009 11:42:29,,14/05/2009 11:42:29,GS:MSYS:REF,,MTXIGeneralTableStatus,GTBS,(BLOB),,
1275,14/05/2009 11:42:29,,14/05/2009 11:42:29,GS:MSYS:REF,,MTXVGeneralTableStatus,GTBS,(BLOB),,
1276,14/05/2009 11:42:29,,14/05/2009 11:42:29,GS:MSYS:REF,,GTBSGeneralTableStatusDetail,GTBD,(BLOB),,
1277,14/05/2009 11:42:29,,14/05/2009 11:42:29,GS:MSYS:REF,,GTBDGeneralTableStatusParameter,GTBP,(BLOB),,
1278,14/05/2009 11:42:29,,14/05/2009 11:42:29,GS:MSYS:REF,,MTRXMatrixParticipant,MTPT,(BLOB),,
1279,14/05/2009 11:42:29,,14/05/2009 11:42:29,GS:MSYS:REF,,MTFDMatrixParticipant,MTPT,(BLOB),,
1280,14/05/2009 11:42:29,,14/05/2009 11:42:29,GS:MSYS:REF,,ISGPMatrixParticipant,MTPT,(BLOB),,
1281,18/08/2009 23:02:03,,18/08/2009 23:02:03,GS:MSYS:REF,,ISSULoanMortgageDistributionStatistics,LMDS,(BLOB),,
1282,18/08/2009 23:02:03,,18/08/2009 23:02:03,GS:MSYS:REF,,IADCIssueActionClassification,IACL,(BLOB),,
1283,18/08/2009 23:02:03,,18/08/2009 23:02:03,GS:MSYS:REF,,IADCIssueActionMergerAndAcquisitionDetails,IAMA,(BLOB),,
1284,18/08/2009 23:02:03,,18/08/2009 23:02:03,GS:MSYS:REF,,IADCIssueActionPaymentStructure,IAPS,(BLOB),,
1286,27/10/2009 10:17:24,,27/10/2009 10:17:24,GS:MSYS:REF,,TransactionClass,TRCL,(BLOB),,
1287,27/10/2009 10:17:24,,27/10/2009 10:17:24,GS:MSYS:REF,,TRCLTransactionDefinition,TRDF,(BLOB),,
1290,18/02/2010 16:28:53,,18/02/2010 16:28:53,GS:MSYS:REF,,MatrixFieldDefinitionParticipant,MTFP,(BLOB),,
1291,18/02/2010 16:28:53,,18/02/2010 16:28:53,GS:MSYS:REF,,MTXIMatrixFieldDefinitionParticipant,MTFP,(BLOB),,
1292,10/12/2009 12:20:44,,10/12/2009 12:20:44,GS:MSYS:REF,,SSIRStandardSettlementAccount,SSAC,(BLOB),,
1293,21/01/2010 01:55:29,,21/01/2010 01:55:29,GS:MSYS:REF,,IssueActionFieldInformation,IAFI,(BLOB),,
1294,12/01/2010 13:31:08,,12/01/2010 13:31:08,GS:MSYS:REF,,IssueOverride,ISOV,(BLOB),,
1295,12/01/2010 13:29:32,,12/01/2010 13:29:32,GS:MSYS:REF,,AcoountIssueTypeVal,AITV,(BLOB),,
1296,12/01/2010 13:29:32,,12/01/2010 13:29:32,GS:MSYS:REF,,MarketValuePreference,MVPF,(BLOB),,
1297,12/01/2010 13:29:33,,12/01/2010 13:29:33,GS:MSYS:REF,,LedgerGroup,LGGR,(BLOB),,
1298,12/01/2010 13:29:33,,12/01/2010 13:29:33,GS:MSYS:REF,,LedgerGroupParticipant,LGGP,(BLOB),,
1299,12/01/2010 13:29:33,,12/01/2010 13:29:33,GS:MSYS:REF,,ScheduleParticipant,SCHP,(BLOB),,
1300,12/01/2010 13:29:34,,12/01/2010 13:29:34,GS:MSYS:REF,,SelectedSchedule,SLSC,(BLOB),,
1301,12/01/2010 13:29:34,,12/01/2010 13:29:34,GS:MSYS:REF,,DiscreteScheduleDate,DSCD,(BLOB),,
1302,12/01/2010 13:29:34,,12/01/2010 13:29:34,GS:MSYS:REF,,EndOfPeriodInstructions,EOPI,(BLOB),,
1303,12/01/2010 13:29:34,,12/01/2010 13:29:34,GS:MSYS:REF,,ValuationOptions,VLOP,(BLOB),,
1304,12/01/2010 13:29:35,,12/01/2010 13:29:35,GS:MSYS:REF,,RevalueOptions,RVOP,(BLOB),,
1305,12/01/2010 13:31:13,,12/01/2010 13:31:13,GS:MSYS:REF,,PLNEAccountCarryCostValueType,ACVT,(BLOB),,
1348,15/07/2010 00:00:00,,13/08/2010 17:03:11,GS:MSYS:REF:RBCD,,CUSTTaxInformation,ACTI,(BLOB),,
1349,15/07/2010 00:00:00,,13/08/2010 17:03:11,GS:MSYS:REF:RBCD,,FINRTaxInformation,ACTI,(BLOB),,
1350,15/07/2010 00:00:00,,13/08/2010 17:03:11,GS:MSYS:REF:RBCD,,FINSTaxInformation,ACTI,(BLOB),,
1351,15/07/2010 00:00:00,,13/08/2010 17:03:11,GS:MSYS:REF:RBCD,,CUSTInvestmentRestriction,INRS,(BLOB),,
1352,15/07/2010 00:00:00,,13/08/2010 17:03:11,GS:MSYS:REF:RBCD,,FINRInvestmentRestriction,INRS,(BLOB),,
1353,15/07/2010 00:00:00,,13/08/2010 17:03:11,GS:MSYS:REF:RBCD,,FINSInvestmentRestriction,INRS,(BLOB),,
1354,15/07/2010 00:00:00,,13/08/2010 17:03:11,GS:MSYS:REF:RBCD,,ADTPAddressDuration,ADDU,(BLOB),,
1367,05/03/2010 19:16:49,,05/03/2010 19:16:49,GS:MSYS:REF,,ProcessingEventInstruction,PEVI,(BLOB),,
1368,05/03/2010 19:16:49,,05/03/2010 19:16:49,GS:MSYS:REF,,ProcessingEventDependency,PEVD,(BLOB),,
1369,05/03/2010 19:16:49,,05/03/2010 19:16:49,GS:MSYS:REF,,ProcessingEventExecutionLog,PEVL,(BLOB),,
1370,05/03/2010 19:16:49,,05/03/2010 19:16:49,GS:MSYS:REF,,MatrixGroup,MXGR,(BLOB),,
1371,05/03/2010 19:16:49,,05/03/2010 19:16:49,GS:MSYS:REF,,MXGRMatrixGroupParticipant,MXGP,(BLOB),,
1372,05/03/2010 19:16:49,,05/03/2010 19:16:49,GS:MSYS:REF,,MTRXMatrixGroupParticipant,MXGP,(BLOB),,
1373,24/03/2010 16:10:13,,24/03/2010 16:10:13,GS:MSYS:REF,,ISPCPriceStatus,PCST,(BLOB),,
1374,13/05/2010 15:31:11,,13/05/2010 15:31:11,GS:MSYS:REF,,TrackOriginalValue,TROV,(BLOB),,
1375,14/05/2010 17:31:12,,14/05/2010 17:31:12,GS:MSYS:REF,,IssueRatingComment,GNCM,(BLOB),,
1376,07/06/2010 20:04:13,,07/06/2010 20:04:13,GS:MSYS:REF,,PCSTIssuePriceStatus,ISPS,(BLOB),N,
1377,27/05/2010 12:59:00,,27/05/2010 12:59:00,GS:MSYS:REF,,MatrixRelationIdentifier,MTRI,(BLOB),,
1378,17/09/2010 15:06:41,,17/09/2010 15:06:41,GS:MSYS:REF,,ACCTSelectedSchedule,SLSC,(BLOB),,
1379,17/09/2010 15:06:42,,17/09/2010 15:06:42,GS:MSYS:REF,,EMPLEmployeeCompliance,EMCS,(BLOB),,
1380,17/09/2010 15:06:42,,17/09/2010 15:06:42,GS:MSYS:REF,,EMPLEmployeeExaminationStatus,EMXS,(BLOB),,
1381,17/09/2010 15:06:45,,17/09/2010 15:06:45,GS:MSYS:REF,,SLSCScheduleParticipant,SCHP,(BLOB),,
1382,17/09/2010 15:36:14,,17/09/2010 15:36:14,GS:MSYS:REF,,MKISFinsMarketCalendarParticipant,MKCA,(BLOB),,
1384,15/07/2010 00:00:00,,13/08/2010 17:03:10,GS:MSYS:REF:RBCD,,FFRLAlternateIdentifier,ALID,(BLOB),,
1385,15/07/2010 00:00:00,,13/08/2010 17:03:10,GS:MSYS:REF:RBCD,,DataSource,DSRC,(BLOB),,
1386,15/07/2010 00:00:00,,13/08/2010 17:03:10,GS:MSYS:REF:RBCD,,ADCHDocumentInformation,DCIN,(BLOB),,
1387,15/07/2010 00:00:00,,13/08/2010 17:03:10,GS:MSYS:REF:RBCD,,CDCHDocumentInformation,DCIN,(BLOB),,
1388,15/07/2010 00:00:00,,13/08/2010 17:03:10,GS:MSYS:REF:RBCD,,FIDHDocumentInformation,DCIN,(BLOB),,
1389,15/07/2010 00:00:00,,13/08/2010 17:03:10,GS:MSYS:REF:RBCD,,FinsRoleFinsRoleRelationship,FRRL,(BLOB),,
1390,15/07/2010 00:00:00,,13/08/2010 17:03:10,GS:MSYS:REF:RBCD,,FINRSettlementToleranceLimits,STTL,(BLOB),,
1391,15/07/2010 00:00:00,,13/08/2010 17:03:10,GS:MSYS:REF:RBCD,,FINSSettlementToleranceLimits,STTL,(BLOB),,
1392,15/07/2010 00:00:00,,13/08/2010 17:03:10,GS:MSYS:REF:RBCD,,CustomerDescription,CUDE,(BLOB),,
1393,15/07/2010 00:00:00,,13/08/2010 17:03:11,GS:MSYS:REF:RBCD,,FINSFinsFinsRoleRelationship,FIRL,(BLOB),,
1394,15/07/2010 00:00:00,,13/08/2010 17:03:11,GS:MSYS:REF:RBCD,,FINRFinsFinsRoleRelationship,FIRL,(BLOB),,
1395,15/07/2010 00:00:00,,13/08/2010 17:03:11,GS:MSYS:REF:RBCD,,FINRProductPurchase,PRPU,(BLOB),,
1396,15/07/2010 00:00:00,,13/08/2010 17:03:11,GS:MSYS:REF:RBCD,,ExternalDomainValueCrossReference,EDMX,(BLOB),,
1397,17/09/2010 15:52:28,,17/09/2010 15:52:28,GS:MSYS:REF,,ISSUIssueStandardStatistics,ISSS,(BLOB),,
1398,15/07/2010 00:00:00,,13/08/2010 17:03:11,GS:MSYS:REF:RBCD,,FRAPTradeLimitInstruction,TRLM,(BLOB),,
1400,15/07/2010 00:00:00,,13/08/2010 17:03:11,GS:MSYS:REF:RBCD,,ExecutedTransactionIdentifier,ETID,(BLOB),,
1401,15/07/2010 00:00:00,,13/08/2010 17:03:12,GS:MSYS:REF:RBCD,,ACCTInvestmentRestriction,INRS,(BLOB),,
1402,15/07/2010 00:00:00,,23/08/2010 18:33:41,GS:MSYS:REF:RBCD,,MADRAccountContactAssignment,ACTA,(BLOB),,
1403,15/07/2010 00:00:00,,23/08/2010 18:33:41,GS:MSYS:REF:RBCD,,IssueRestriction,ISRS,(BLOB),,
1405,17/09/2010 16:18:18,,17/09/2010 16:18:18,GS:MSYS:REF,,IAIPIssueActionFieldInformation,IAFI,(BLOB),,
1406,17/09/2010 16:18:18,,17/09/2010 16:18:18,GS:MSYS:REF,,IAPRIssueActionFieldInformation,IAFI,(BLOB),,
1407,15/07/2010 00:00:00,,23/08/2010 18:33:43,GS:MSYS:REF:RBCD,,EXTRAccountTradeAllocation,ATAL,(BLOB),,
1408,15/07/2010 00:00:00,,26/10/2010 13:04:07,GS:MSYS:REF,,ACTAMailingAddress,MADR,(BLOB),,
1409,15/10/2010 19:05:33,,15/10/2010 19:05:33,GS:MSYS:REF,,IADCIssueActionIssueTransformationInfo,IAIT,(BLOB),,
1410,15/07/2010 00:00:00,,26/10/2010 13:04:08,GS:MSYS:REF,,ExecutedTransactionMessage,ETMG,(BLOB),,
1411,15/07/2010 00:00:00,,26/10/2010 13:04:08,GS:MSYS:REF,,ExecutedTransCertificateCoupon,ETCF,(BLOB),,
1412,15/07/2010 00:00:00,,26/10/2010 13:04:08,GS:MSYS:REF,,ExecutedTransactionNarrative,ETRN,(BLOB),,
1414,15/07/2010 00:00:00,,26/10/2010 13:04:08,GS:MSYS:REF,,FINRApplicationUser,AUSR,(BLOB),,
1415,15/07/2010 00:00:00,,26/10/2010 13:04:08,GS:MSYS:REF,,FINSEnterpriseFinancialInstitutionRole,ENFR,(BLOB),,
1416,15/07/2010 00:00:00,,26/10/2010 13:04:08,GS:MSYS:REF,,FINREnterpriseFinancialInstitutionRole,ENFR,(BLOB),,
1417,15/07/2010 00:00:00,,26/10/2010 13:04:08,GS:MSYS:REF,,MRKTEnterpriseFinancialInstitutionRole,ENFR,(BLOB),,
1418,15/07/2010 00:00:00,,26/10/2010 13:04:08,GS:MSYS:REF,,FINRDepositoryOptions,DEOP,(BLOB),,
1419,15/07/2010 00:00:00,,26/10/2010 13:04:08,GS:MSYS:REF,,TransactionRegistrationExtension,ETRG,(BLOB),,
1420,15/07/2010 00:00:00,,26/10/2010 13:04:08,GS:MSYS:REF,,TransactionHoldingExtension,ETHD,(BLOB),,
1421,20/08/2009 19:50:18,,20/08/2009 19:50:18,GS:MSYS:REF,,IssuerRatingComment,GNCM,(BLOB),,
1422,20/08/2009 19:50:18,,20/08/2009 19:50:18,GS:MSYS:REF,,FinancialInstitutionRatingComment,GNCM,(BLOB),,
1423,07/05/2010 00:00:00,,07/05/2010 00:00:00,GS:MSYS:REF,,IssueGeoUnitComment,GNCM,(BLOB),,
1424,15/07/2010 00:00:00,,26/10/2010 13:04:09,GS:MSYS:REF,,TransactionRepoExtension,ETRP,(BLOB),,
1425,15/07/2010 00:00:00,,26/10/2010 13:04:09,GS:MSYS:REF,,TransactionRepoLegDetails,ETRD,(BLOB),,
1426,15/07/2010 00:00:00,,26/10/2010 13:04:09,GS:MSYS:REF,,TransactionSubscriptionRedemptionExt,ETSR,(BLOB),,
1428,16/12/2010 17:13:01,,16/12/2010 17:13:01,GS:MSYS:REF,,FXRTFXRateDownstreamStatus,FXST,(BLOB),,
1429,16/12/2010 17:13:01,,16/12/2010 17:13:01,GS:MSYS:REF,,FXSTFXRateStatus,FXRS,(BLOB),,
1430,12/01/2011 14:32:23,,12/01/2011 14:32:23,GS:MSYS:REF,,ISPCGoldenPrice,GPRC,(BLOB),,
1431,12/01/2011 14:32:23,,12/01/2011 14:32:23,GS:MSYS:REF,,ISSUMissingPrices,MPRC,(BLOB),,
1432,12/01/2011 14:32:24,,12/01/2011 14:32:24,GS:MSYS:REF,,ISPCMissingPriceParticipant,MPPT,(BLOB),,
1433,12/01/2011 14:32:24,,12/01/2011 14:32:24,GS:MSYS:REF,,MPRCMissingPriceParticipant,MPPT,(BLOB),,
1434,31/01/2011 16:14:30,,31/01/2011 16:14:30,GS:MSYS:REF,,GPRCPriceComment,PCCM,(BLOB),,
1435,29/04/2011 11:42:56,,29/04/2011 11:42:56,GS:MSYS:REF,,EMPLEmployeeFinancialInstitutionRole,EFIR,(BLOB),,
1436,28/04/2011 16:51:21,,28/04/2011 16:51:21,GS:MSYS:REF,,ISSUCustodianConfirmation,CUCN,(BLOB),,
1437,28/04/2011 16:51:21,,28/04/2011 16:51:21,GS:MSYS:REF,,IAPRCustodianConfirmation,CUCN,(BLOB),,
1438,28/04/2011 16:51:21,,28/04/2011 16:51:21,GS:MSYS:REF,,CUCNCustodianConfirmationDetail,CUCF,(BLOB),,
1440,29/04/2011 11:54:56,,29/04/2011 11:54:56,GS:MSYS:REF,,MKISFinancialMarketTradingSession,MKTS,(BLOB),,
1441,29/04/2011 11:54:57,,29/04/2011 11:54:57,GS:MSYS:REF,,ISRTRatingQualifier,RTQL,(BLOB),,
1442,29/04/2011 11:54:57,,29/04/2011 11:54:57,GS:MSYS:REF,,IRRTRatingQualifier,RTQL,(BLOB),,
1443,29/04/2011 11:54:57,,29/04/2011 11:54:57,GS:MSYS:REF,,FIRTRatingQualifier,RTQL,(BLOB),,
1444,29/04/2011 11:54:57,,29/04/2011 11:54:57,GS:MSYS:REF,,FRRTRatingQualifier,RTQL,(BLOB),,
1445,29/04/2011 11:54:57,,29/04/2011 11:54:57,GS:MSYS:REF,,BNRTRatingQualifier,RTQL,(BLOB),,
1446,29/04/2011 11:54:58,,29/04/2011 11:54:58,GS:MSYS:REF,,CURTRatingQualifier,RTQL,(BLOB),,
1447,10/06/2011 13:12:33,,10/06/2011 13:12:33,GS:MSYS:REF,,ACCTAccountRating,ACRT,(BLOB),,
1448,10/06/2011 13:12:52,,10/06/2011 13:12:52,GS:MSYS:REF,,MethodDefinition,MEDF,(BLOB),,
1449,10/06/2011 13:12:52,,10/06/2011 13:12:52,GS:MSYS:REF,,MEDFMethodOperandDefinition,MODF,(BLOB),,
1450,27/06/2011 17:20:20,,27/06/2011 17:20:20,GS:MSYS:REF,,RTNGGeographicUnitRating,GURT,(BLOB),,
1451,27/06/2011 17:20:20,,27/06/2011 17:20:20,GS:MSYS:REF,,ISSURiskCalculationParameters,RSCP,(BLOB),,
1452,27/06/2011 17:20:20,,27/06/2011 17:20:20,GS:MSYS:REF,,MTRXMatrixStatistics,MTST,(BLOB),,
1453,27/06/2011 17:20:20,,27/06/2011 17:20:20,GS:MSYS:REF,,ACCTInvestmentLimitInstruction,INLM,(BLOB),,
1454,27/06/2011 17:20:20,,27/06/2011 17:20:20,GS:MSYS:REF,,ISSUInvestmentLimitInstruction,INLM,(BLOB),,
1455,27/06/2011 17:20:20,,27/06/2011 17:20:20,GS:MSYS:REF,,HOLDSecurityLendingStatistics,SLND,(BLOB),,
1462,01/11/2011 11:17:10,,01/11/2011 11:17:10,GS:MSYS:REF,,MKISMarketIssueClassification,MICL,(BLOB),,
1463,20/09/2011 11:12:26,,20/09/2011 11:12:26,GS:MSYS:REF,,ISSRCreditDriverValues,CDVL,(BLOB),,
1464,20/09/2011 11:12:26,,20/09/2011 11:12:26,GS:MSYS:REF,,FINSCreditDriverValues,CDVL,(BLOB),,
1465,13/02/2012 14:46:55,,13/02/2012 14:46:55,GS:MSYS:REF,,LoanMortgageQuartileValues,LMQV,(BLOB),,
1466,13/02/2012 14:46:49,,13/02/2012 14:46:49,GS:MSYS:REF,,IssueActionCrossReference,IAXR,(BLOB),,
1467,21/08/2012 18:49:16,,21/08/2012 18:49:16,GS:MSYS:REF,,MultipleMatchIssueActionCriteria,MMCA,(BLOB),,
1468,30/04/2012 13:58:46,,30/04/2012 13:58:46,GS:MSYS:REF,,DuplicateIAInclusionCriteria,DPIR,(BLOB),,
1469,30/04/2012 13:58:46,,30/04/2012 13:58:46,GS:MSYS:REF,,DuplicateIAInclusionCriteriaDetails,DPID,(BLOB),,
1470,07/05/2012 16:58:40,,07/05/2012 16:58:40,GS:MSYS:REF,,GoldenPrice,GPRC,(BLOB),,
1471,09/03/2012 11:27:29,,09/03/2012 11:27:29,GS:MSYS:REF,,ISSUIssueMatrixRole,IMXR,(BLOB),,
1472,09/03/2012 11:27:29,,09/03/2012 11:27:29,GS:MSYS:REF,,MTRXIssueMatrixRole,IMXR,(BLOB),,
1473,09/03/2012 11:27:29,,09/03/2012 11:27:29,GS:MSYS:REF,,IssueAmount,ISAM,(BLOB),,
1475,24/05/2012 10:41:07,,24/05/2012 10:41:07,GS:MSYS:REF,,FINSSubdivisionFinancialInstitutionRole,SUFR,(BLOB),,
1476,24/05/2012 10:41:07,,24/05/2012 10:41:07,GS:MSYS:REF,,SubdivisionFinancialInstitutionRole,SUFR,(BLOB),,
1477,24/05/2012 10:41:07,,24/05/2012 10:41:07,GS:MSYS:REF,,MRKTSubdivisionFinancialInstitutionRole,SUFR,(BLOB),,
1478,24/05/2012 10:41:07,,24/05/2012 10:41:07,GS:MSYS:REF,,FINRSubdivisionFinancialInstitutionRole,SUFR,(BLOB),,
1479,24/05/2012 10:41:07,,24/05/2012 10:41:07,GS:MSYS:REF,,ISSRIssuerRole,IRRL,(BLOB),,
1483,16/04/2012 18:39:43,,16/04/2012 18:39:43,GS:MSYS:REF,,INCLClassificationCrossReference,CSXR,(BLOB),,
1484,16/04/2012 18:39:43,,16/04/2012 18:39:43,GS:MSYS:REF,,RTVLRatingValueCrossReference,RVXR,(BLOB),,
1485,16/04/2012 18:39:43,,16/04/2012 18:39:43,GS:MSYS:REF,,MRKTMarketGeographicUnit,MKGU,(BLOB),,
1486,16/04/2012 18:39:43,,16/04/2012 18:39:43,GS:MSYS:REF,,DLBRBranchBranchRole,BRBR,(BLOB),,
1487,16/04/2012 18:39:43,,16/04/2012 18:39:43,GS:MSYS:REF,,DLBRBranchDealerRepresentativeRole,BRDR,(BLOB),,
1488,16/04/2012 18:39:43,,16/04/2012 18:39:43,GS:MSYS:REF,,DREPDealerRepresentativeAccountRole,DRAR,(BLOB),,
1489,17/04/2012 16:42:35,,17/04/2012 16:42:35,GS:MSYS:REF,,ISGRInvestmentRestriction,INRS,(BLOB),,
1490,17/04/2012 16:42:35,,17/04/2012 16:42:35,GS:MSYS:REF,,ITGRInvestmentRestriction,INRS,(BLOB),,
1498,02/05/2012 18:33:36,,02/05/2012 18:33:36,GS:MSYS:REF,,DREPBranchDealerRepresentativeRole,BRDR,(BLOB),,
1499,02/05/2012 18:33:36,,02/05/2012 18:33:36,GS:MSYS:REF,,ACCTAccountIssueClassification,AICL,(BLOB),,
1500,01/06/2012 15:37:31,,01/06/2012 15:37:31,GS:MSYS:REF,,ISSUUSTreasuryAnnouncementAuctionDetails,USTA,(BLOB),,
1503,14/06/2012 17:28:14,,14/06/2012 17:28:14,GS:MSYS:REF,,USTAUSTreasuryAnnouncementAuctionDetails,USTA,(BLOB),,
1507,03/09/2012 16:38:08,,03/09/2012 16:38:08,GS:MSYS:REF,,IssueCharge,ISCG,(BLOB),,
1518,27/08/2012 16:45:04,,27/08/2012 16:45:04,GS:MBUS,,STDFGeneralStatistic,GNST,(BLOB),,
1519,27/08/2012 16:45:05,,27/08/2012 16:45:05,GS:MBUS,,TBDFGeneralStatistic,GNST,(BLOB),,
1520,27/08/2012 17:28:16,,27/08/2012 17:28:16,GS:MBUS,,ISSUIssueStatus,ISTA,(BLOB),,
1521,27/08/2012 17:28:16,,27/08/2012 17:28:16,GS:MBUS,,TZDFIssueStatus,ISTA,(BLOB),,
1522,27/08/2012 17:28:17,,27/08/2012 17:28:17,GS:MBUS,,ISSULegalProceedingsInformation,LPIN,(BLOB),,
1523,27/08/2012 17:34:01,,27/08/2012 17:34:01,GS:MSYS:REF,,IssueDocumentHistory,IDCH,(BLOB),,
5000,12/10/2013 08:43:44,,12/10/2013 08:43:44,BBVA:CUSTOMER,,FinancialInstOrAgreementRole,FLAR,(BLOB),,
5001,12/10/2013 08:43:44,,12/10/2013 08:43:44,BBVA:CUSTOMER,,LegalAgreementAnnexure,LAAN,(BLOB),,
5002,12/10/2013 08:43:44,,12/10/2013 08:43:44,BBVA:CUSTOMER,,LegalAgreementAnnexPart,LAAP,(BLOB),,
5003,12/10/2013 08:43:44,,12/10/2013 08:43:44,BBVA:CUSTOMER,,LegalAgrCollateralDetails,LACD,(BLOB),,
5004,12/10/2013 08:43:44,,12/10/2013 08:43:44,BBVA:CUSTOMER,,LegalAgreementRestriction,LARS,(BLOB),,
5005,12/10/2013 08:43:44,,12/10/2013 08:43:44,BBVA:CUSTOMER,,FinsOrAgreementRoleStatistics,FLRS,(BLOB),,
5006,12/10/2013 08:43:44,,12/10/2013 08:43:44,BBVA:CUSTOMER,,LegalAgreementCoverage,LACV,(BLOB),,
5007,12/10/2013 08:43:44,,12/10/2013 08:43:44,BBVA:CUSTOMER,,LegalAgrAnnexPartThreshold,LAAT,(BLOB),,
5008,12/10/2013 08:43:44,,12/10/2013 08:43:44,BBVA:CUSTOMER,,LegalAgreementInvolvedParty,LAIP,(BLOB),,
5009,12/10/2013 10:49:18,,12/10/2013 10:49:18,BBVA:CUSTOMER,,LegalAgreementAltIdentifier,LAID,(BLOB),,
1514,14/12/2012 18:07:22,,14/12/2012 18:07:22,GS:MSYS:REF,,MortgageAggregationHistory,MAGH,(BLOB),,
1515,14/12/2012 18:07:22,,14/12/2012 18:07:22,GS:MSYS:REF,,MortgageCurrentMonthAggregation,MAGM,(BLOB),,
1516,14/12/2012 18:07:22,,14/12/2012 18:07:22,GS:MSYS:REF,,MortgagePreviousMonthsAggregation,MAGD,(BLOB),,
1552,14/12/2012 19:00:08,,14/12/2012 19:00:08,GS:MBUS,,LMPPMortgagePoolPrefixInformation,LMPP,(BLOB),,
1560,27/11/2012 09:54:59,,27/11/2012 09:54:59,GS:MBUS,,ISSULoanMortgage,LMTG,(BLOB),,
1561,27/11/2012 09:55:01,,27/11/2012 09:55:01,GS:MBUS,,LMTYLoanMortgage,LMTG,(BLOB),,
1581,01/04/2014 15:11:11,,01/04/2014 15:11:11,GS:MBUS,,SCAIScheduledActivityInstruction,SCAI,(BLOB),,
1582,01/04/2014 15:11:13,,01/04/2014 15:11:13,GS:MBUS,,IASAIssueActionScheduleAssignment,IASA,(BLOB),,
1583,01/04/2014 15:11:13,,01/04/2014 15:11:13,GS:MBUS,,IATYIssueActionScheduleAssignment,IASA,(BLOB),,
1584,01/04/2014 15:11:14,,01/04/2014 15:11:14,GS:MBUS,,IADCIssueActionScheduleAssignment,IASA,(BLOB),,
1585,01/04/2014 15:11:15,,01/04/2014 15:11:15,GS:MBUS,,ENTRIssueActionScheduleAssignment,IASA,(BLOB),,
1586,01/04/2014 15:11:16,,01/04/2014 15:11:16,GS:MBUS,,CUSTIssueActionScheduleAssignment,IASA,(BLOB),,
1587,01/04/2014 15:11:17,,01/04/2014 15:11:17,GS:MBUS,,ACCTIssueActionScheduleAssignment,IASA,(BLOB),,
1588,01/04/2014 15:11:18,,01/04/2014 15:11:18,GS:MBUS,,SCDFIssueActionScheduleAssignment,IASA,(BLOB),,
1589,01/04/2014 15:11:19,,01/04/2014 15:11:19,GS:MBUS,,IASAIssueActionDiscreteSchedule,IADS,(BLOB),,
1590,01/04/2014 15:11:20,,01/04/2014 15:11:20,GS:MBUS,,SCDFIssueActionDiscreteSchedule,IADS,(BLOB),,
1591,01/04/2014 15:11:21,,01/04/2014 15:11:21,GS:MBUS,,SCAIIssueActionDiscreteSchedule,IADS,(BLOB),,
1592,01/04/2014 15:11:23,,01/04/2014 15:11:23,GS:MBUS,,ENTRIssueActionDiscreteSchedule,IADS,(BLOB),,
1593,01/04/2014 15:11:24,,01/04/2014 15:11:24,GS:MBUS,,IADCIssueActionDiscreteSchedule,IADS,(BLOB),,
1594,01/04/2014 15:11:25,,01/04/2014 15:11:25,GS:MBUS,,CUSTIssueActionDiscreteSchedule,IADS,(BLOB),,
1595,01/04/2014 15:11:26,,01/04/2014 15:11:26,GS:MBUS,,ACCTIssueActionDiscreteSchedule,IADS,(BLOB),,
1596,01/04/2014 15:11:27,,01/04/2014 15:11:27,GS:MBUS,,IADSIssueActionActivityStatus,IAVS,(BLOB),,
1597,01/04/2014 15:11:28,,01/04/2014 15:11:28,GS:MBUS,,CUSTIssueActionActivityStatus,IAVS,(BLOB),,
1598,01/04/2014 15:11:29,,01/04/2014 15:11:29,GS:MBUS,,ACCTIssueActionActivityStatus,IAVS,(BLOB),,
1599,01/04/2014 15:11:30,,01/04/2014 15:11:30,GS:MBUS,,TRIDIssueActionActivityStatus,IAVS,(BLOB),,
1600,01/04/2014 15:11:31,,01/04/2014 15:11:31,GS:MBUS,,EADRIssueActionActivityStatus,IAVS,(BLOB),,
1601,01/04/2014 15:11:32,,01/04/2014 15:11:32,GS:MBUS,,IAVSIAActivityStatusPublishedMessage,IAPM,(BLOB),,
1602,01/04/2014 15:11:33,,01/04/2014 15:11:33,GS:MBUS,,SCAISchdActivityInstructionParameter,SCIP,(BLOB),,
1603,01/04/2014 15:11:33,,01/04/2014 15:11:33,GS:MBUS,,SCAISchdActivityInstructionDependency,SAID,(BLOB),,
1604,01/04/2014 15:11:34,,01/04/2014 15:11:34,GS:MBUS,,SCAISchdActivityInstructionPrereqData,SAPD,(BLOB),,
1605,01/04/2014 15:11:35,,01/04/2014 15:11:35,GS:MBUS,,SPDCSchdActivityInstructionPrereqData,SAPD,(BLOB),,
1606,01/04/2014 15:11:35,,01/04/2014 15:11:35,GS:MBUS,,ENTRIssueActionLedgerGroupAssignment,IALG,(BLOB),,
1607,01/04/2014 15:11:36,,01/04/2014 15:11:36,GS:MBUS,,LGGRIssueActionLedgerGroupAssignment,IALG,(BLOB),,
1608,01/04/2014 15:11:36,,01/04/2014 15:11:36,GS:MBUS,,IATYCustomerAccountMediaOptionsSetup,CAMO,(BLOB),,
1609,01/04/2014 15:11:37,,01/04/2014 15:11:37,GS:MBUS,,CUSTCustomerAccountMediaOptionsSetup,CAMO,(BLOB),,
1610,01/04/2014 15:11:38,,01/04/2014 15:11:38,GS:MBUS,,ACCTCustomerAccountMediaOptionsSetup,CAMO,(BLOB),,
1611,01/04/2014 15:11:39,,01/04/2014 15:11:39,GS:MBUS,,ENTRCustomerAccountMediaOptionsSetup,CAMO,(BLOB),,
1612,01/04/2014 15:11:40,,01/04/2014 15:11:40,GS:MBUS,,APFPIssueActionApplicationParticipant,IAFP,(BLOB),,
1613,01/04/2014 15:11:41,,01/04/2014 15:11:41,GS:MBUS,,SPDCSchdActvyInstrucPrereqDataCriteria,SPDC,(BLOB),,
1615,29/07/2013 11:49:40,,29/07/2013 11:49:40,GS:MBUS,,ISSUIssueDate,ISDT,(BLOB),,
1616,29/07/2013 12:11:37,,29/07/2013 12:11:37,GS:MBUS,,IEDFGeneralStatistic,GNST,(BLOB),,
1617,29/07/2013 12:11:38,,29/07/2013 12:11:38,GS:MBUS,,PEDFGeneralStatistic,GNST,(BLOB),,
1618,29/07/2013 12:11:39,,29/07/2013 12:11:39,GS:MBUS,,AUCDGeneralStatistic,GNST,(BLOB),,
1619,29/07/2013 12:11:40,,29/07/2013 12:11:40,GS:MBUS,,IADCGeneralStatistic,GNST,(BLOB),,
1620,29/07/2013 11:53:53,,29/07/2013 11:53:53,GS:MBUS,,RIDFRelatedIssueStatistics,RIST,(BLOB),,
1621,29/07/2013 13:13:41,,29/07/2013 13:13:41,GS:MBUS,,ISSRInvestmentLimitInstruction,INLM,(BLOB),,
1622,27/07/2013 10:48:16,,27/07/2013 10:48:16,GS:MBUS,,ISSUIssuerClassification,IRCL,(BLOB),,
1623,01/04/2014 16:02:30,,01/04/2014 16:02:30,GS:MBUS,,ADTPCustomerAccountMediaOptionsSetup,CAMO,(BLOB),,
1626,29/07/2013 14:52:16,,29/07/2013 14:52:16,GS:MBUS,,IAIPGeneralStatistic,GNST,(BLOB),,
1627,29/07/2013 15:56:38,,29/07/2013 15:56:38,GS:MBUS,,IAPRIssueActionComment,IACM,(BLOB),,
1628,29/07/2013 15:56:39,,29/07/2013 15:56:39,GS:MBUS,,IAIPIssueActionComment,IACM,(BLOB),,
1629,29/07/2013 16:00:38,,29/07/2013 16:00:38,GS:MBUS,,ISSUMuniPurpose,MNPU,(BLOB),,
1630,21/03/2014 13:20:00,,21/03/2014 13:20:00,GS:MBUS,,IALGIssueActionLedgerGroupAssignment,IALG,(BLOB),,
1631,21/03/2014 13:20:01,,21/03/2014 13:20:01,GS:MBUS,,ACINAccountIssueActionInstruction,ACIN,(BLOB),,
1634,24/03/2014 18:46:38,,24/03/2014 18:46:38,GS:MBUS,,ACCTFundCharacteristics,FNCH,(BLOB),,
1635,24/03/2014 19:13:25,,24/03/2014 19:13:25,GS:MBUS,,IADSIssueActionDiscreteSchedule,IADS,(BLOB),,
1641,25/03/2014 14:41:38,,25/03/2014 14:41:38,GS:MBUS,,PRPUInvestmentLimitInstruction,INLM,(BLOB),,
1642,25/03/2014 14:41:40,,25/03/2014 14:41:40,GS:MBUS,,CUSTInvestmentLimitInstruction,INLM,(BLOB),,
1643,25/03/2014 10:32:32,,25/03/2014 10:32:32,GS:MBUS,,EXTRMoneyMarketTransactionExtension,EXMM,(BLOB),,
1644,25/03/2014 10:32:33,,25/03/2014 10:32:33,GS:MBUS,,ACCTMoneyMarketTransactionExtension,EXMM,(BLOB),,
1645,25/03/2014 15:10:57,,25/03/2014 15:10:57,GS:MBUS,,ISSUStandardSettlementInstruction,SSIS,(BLOB),,
1646,25/03/2014 15:10:59,,25/03/2014 15:10:59,GS:MBUS,,ISSUSwapCharacteristics,SWCH,(BLOB),,
5010,23/11/2013 08:53:18,,23/11/2013 08:53:18,BBVA:CSTM,,StandardSettlementAssignment,SSIA,(BLOB),,
5012,23/11/2013 08:53:22,,23/11/2013 08:53:22,BBVA:CSTM,,StandardSettlementMessagedetails,SSMD,(BLOB),,
1538,28/11/2012 15:25:30,,28/11/2012 15:25:30,GS:MBUS,,PRODProductIssueRole,PISR,(BLOB),,
1539,28/11/2012 15:25:31,,28/11/2012 15:25:31,GS:MBUS,,ISSUProductIssueRole,PISR,(BLOB),,
1544,29/11/2012 15:35:22,,29/11/2012 15:35:22,GS:MBUS,,ISSURiskMeasure,RSME,(BLOB),,
1545,29/11/2012 15:35:23,,29/11/2012 15:35:23,GS:MBUS,,ISGRRiskMeasure,RSME,(BLOB),,
1546,29/11/2012 15:35:24,,29/11/2012 15:35:24,GS:MBUS,,FINSRiskMeasure,RSME,(BLOB),,
1547,29/11/2012 15:35:24,,29/11/2012 15:35:24,GS:MBUS,,FIGRRiskMeasure,RSME,(BLOB),,
1548,29/11/2012 15:35:25,,29/11/2012 15:35:25,GS:MBUS,,ENTRRiskMeasure,RSME,(BLOB),,
1549,29/11/2012 15:35:26,,29/11/2012 15:35:26,GS:MBUS,,ACGRRiskMeasure,RSME,(BLOB),,
1550,29/11/2012 15:35:27,,29/11/2012 15:35:27,GS:MBUS,,ACCTRiskMeasure,RSME,(BLOB),,
1649,25/03/2014 16:44:23,,25/03/2014 16:44:23,GS:MBUS,,INRESettlementTimeFrameDefinition,STFD,(BLOB),,
1650,25/03/2014 16:44:24,,25/03/2014 16:44:24,GS:MBUS,,FINRSettlementTimeFrameDefinition,STFD,(BLOB),,
1651,25/03/2014 16:44:25,,25/03/2014 16:44:25,GS:MBUS,,GUNTSettlementTimeFrameDefinition,STFD,(BLOB),,
1652,25/03/2014 16:44:26,,25/03/2014 16:44:26,GS:MBUS,,MEDFSettlementTimeFrameDefinition,STFD,(BLOB),,
3001437,17/09/2016 08:25:52,,17/09/2016 08:25:52,BBVA:CUSTOMER,,FirmLegAgrmtExt,FLA1,(BLOB),,
3001438,17/09/2016 08:25:52,,17/09/2016 08:25:52,BBVA:CUSTOMER,,AnnexLegAgrmtExt,LAA1,(BLOB),,
3001777,14/10/2017 08:04:48,,14/10/2017 08:04:48,BBVA:CUSTOMER,,AccExtIdExt,ACI1,(BLOB),,
3001778,14/10/2017 08:04:48,,14/10/2017 08:04:48,BBVA:CUSTOMER,,AccExtIdAttr,AIT1,(BLOB),,
9003,15/04/2004 00:00:00,,27/07/2007 12:48:14,GS:MSYS:REF     ,,IssueActionGenericComment,GNCM,(BLOB),,
3001853,19/01/2019 08:00:11,,19/01/2019 08:00:11,BBVA:CUSTOMER,,VendorRequest,VREQ,(BLOB),,
3001880,13/04/2019 08:23:49,,13/04/2019 08:23:49,BBVA:CUSTOMER,,AlertDefinition,ALD1,(BLOB),,
3001881,13/04/2019 08:23:49,,13/04/2019 08:23:49,BBVA:CUSTOMER,,AlertParam,ALP1,(BLOB),,
3001882,13/04/2019 08:23:49,,13/04/2019 08:23:49,BBVA:CUSTOMER,,ALD1AlertParam,ALP1,(BLOB),,
3001883,13/04/2019 08:23:49,,13/04/2019 08:23:49,BBVA:CUSTOMER,,AlertReports,REP1,(BLOB),,
3001884,13/04/2019 08:23:49,,13/04/2019 08:23:49,BBVA:CUSTOMER,,AlertsGenerated,ALG1,(BLOB),,
3001449,17/09/2016 08:25:52,,17/09/2016 08:25:52,BBVA:CUSTOMER,,CacheAllCounterparties3,CAC3,(BLOB),,
3001885,13/04/2019 08:23:49,,13/04/2019 08:23:49,BBVA:CUSTOMER,,REP1AlertsGenerated,ALG1,(BLOB),,
3001886,13/04/2019 08:23:49,,13/04/2019 08:23:49,BBVA:CUSTOMER,,ALD1AlertsGenerated,ALG1,(BLOB),,
3001887,13/04/2019 08:23:49,,13/04/2019 08:23:49,BBVA:CUSTOMER,,ParamGenerated,TPG1,(BLOB),,
3001888,13/04/2019 08:23:49,,13/04/2019 08:23:49,BBVA:CUSTOMER,,ALD1ParamGenerated,TPG1,(BLOB),,
3001889,13/04/2019 08:23:49,,13/04/2019 08:23:49,BBVA:CUSTOMER,,REP1ParamGenerated,TPG1,(BLOB),,
3001890,13/04/2019 08:23:49,,13/04/2019 08:23:49,BBVA:CUSTOMER,,AlertUsers,ALU1,(BLOB),,
3001891,13/04/2019 08:23:49,,13/04/2019 08:23:49,BBVA:CUSTOMER,,AlertMailing,ALM1,(BLOB),,
3001892,13/04/2019 08:23:49,,13/04/2019 08:23:49,BBVA:CUSTOMER,,AlertReportSend,ALR1,(BLOB),,
3001893,13/04/2019 08:23:49,,13/04/2019 08:23:49,BBVA:CUSTOMER,,ALU1AlertReportSend,ALR1,(BLOB),,
3001894,13/04/2019 08:23:49,,13/04/2019 08:23:49,BBVA:CUSTOMER,,ALM1AlertReportSend,ALR1,(BLOB),,
3001945,13/04/2019 08:23:49,,13/04/2019 08:23:49,BBVA:CUSTOMER,,DatioReports,DAT1,(BLOB),,
3001946,13/04/2019 08:23:49,,13/04/2019 08:23:49,BBVA:CUSTOMER,,DatioHistory,DAT2,(BLOB),,
3001995,16/11/2019 08:01:58,,16/11/2019 08:01:58,BBVA:CUSTOMER,,RelationIdentifiers,REI1,(BLOB),,
3001476,17/09/2016 08:25:53,,17/09/2016 08:25:53,BBVA:CUSTOMER,,ReCertificatesId,REC1,(BLOB),,
1682,18/08/2014 10:45:18,,18/08/2014 10:45:18,GS:MBUS,,PRODFinsRoleProductParticipant,FRPR,(BLOB),,
1683,15/09/2014 13:15:09,,15/09/2014 13:15:09,GS:MBUS,,IAFNIssueActionInstitutionDataChange,IAFN,(BLOB),,
1664,26/03/2014 18:35:46,,26/03/2014 18:35:46,GS:MBUS,,IDMVNLSDomainValue,NDMV,(BLOB),,
1665,26/03/2014 18:35:46,,26/03/2014 18:35:46,GS:MBUS,,NCDFNLSDomainValue,NDMV,(BLOB),,
1681,18/08/2014 10:45:17,,18/08/2014 10:45:17,GS:MBUS,,PRODProductAlternateIdentifier,PRID,(BLOB),,
9002,14/01/2014 12:18:49,,14/01/2014 12:18:49,BBVA:CSTM,,BBIssueActionDeclaration,IADC,(BLOB),,C
9833,13/12/2014 11:10:32,,13/12/2014 11:10:32,BBVA:CUSTOMER,,FianncialrolAtId,FAR1,(BLOB),,
1653,25/03/2014 16:44:26,,25/03/2014 16:44:26,GS:MBUS,,ITGRSettlementTimeFrameDefinition,STFD,(BLOB),,
1654,25/03/2014 16:44:27,,25/03/2014 16:44:27,GS:MBUS,,ISSUSettlementTimeFrameDefinition,STFD,(BLOB),,
1655,25/03/2014 16:44:28,,25/03/2014 16:44:28,GS:MBUS,,SCDFSettlementTimeFrameDefinition,STFD,(BLOB),,
1656,25/03/2014 16:44:29,,25/03/2014 16:44:29,GS:MBUS,,ISIDSettlementTimeFrameDefinition,STFD,(BLOB),,
1657,26/03/2014 14:26:57,,26/03/2014 14:26:57,GS:MBUS,,FPROGeneralTableComment,GNCM,(BLOB),,
1658,26/03/2014 14:26:58,,26/03/2014 14:26:58,GS:MBUS,,ACTAGeneralTableComment,GNCM,(BLOB),,
1659,26/03/2014 18:30:05,,26/03/2014 18:30:05,GS:MBUS,,ISSUIssueDisclosureInformation,ISDI,(BLOB),,
1660,26/03/2014 18:28:03,,26/03/2014 18:28:03,GS:MBUS,,CADPCalendarDateHolidayDetails,CADH,(BLOB),,
1661,26/03/2014 16:24:37,,26/03/2014 16:24:37,GS:MBUS,,CNTCContactAssignment,CNTA,(BLOB),,
1662,26/03/2014 16:24:38,,26/03/2014 16:24:38,GS:MBUS,,RSMERiskMeasure,RSME,(BLOB),,
5014,14/12/2013 05:13:17,,14/12/2013 05:13:17,BBVA:CUSTOMER,,LAGRLegalAgreementRestriction,LARS,(BLOB),,
1666,26/03/2014 19:55:55,,02/05/2017 18:25:09,GS:MBUS,,ITGREmployeeIssueRole,EISR,(BLOB),,
1667,26/03/2014 19:55:56,,02/05/2017 18:25:09,GS:MBUS,,EMGREmployeeIssueRole,EISR,(BLOB),,
9899,12/03/1972 00:00:00,,27/07/2007 12:47:52,GS:MSYS:REF     ,,BBIssueActionProcedure,IAPR,(BLOB),,C
9023,14/03/2014 16:10:15,,14/03/2014 16:10:15,BBVA:CSTM,,BALHFinsRoleAccountParticipant,FRAP,(BLOB),,
1668,27/03/2014 13:12:16,,27/03/2014 13:12:16,GS:MBUS,,FPROPerson,CUCH,(BLOB),,
5015,09/05/2016 20:30:18,,09/05/2016 20:30:18,BBVA:CUSTOMER,,Issuer10,ISSR,(BLOB),Y,
9000,07/03/2015 05:41:52,,07/03/2015 05:41:52,BBVA:CUSTOMER,,FinsCust,CUST,(BLOB),,
1541,04/12/2012 18:15:55,,04/12/2012 18:15:55,GS:MBUS,,MADREmploymentHistory,CUEH,(BLOB),,
1542,04/12/2012 18:15:56,,04/12/2012 18:15:56,GS:MBUS,,CUCHEmploymentHistory,CUEH,(BLOB),,
1543,04/12/2012 18:15:56,,04/12/2012 18:15:56,GS:MBUS,,EADREmploymentHistory,CUEH,(BLOB),,
1553,14/12/2012 19:44:42,,14/12/2012 19:44:42,GS:MBUS,,CUEHEmploymentHistory,CUEH,(BLOB),,
1566,01/02/2013 16:15:21,,01/02/2013 16:15:21,GS:MBUS,,EMPLEmploymentHistory,CUEH,(BLOB),,
1625,27/07/2013 11:43:03,,27/07/2013 11:43:03,GS:MBUS,,RGRRIssueRegulatoryResidentDetails,RGRD,(BLOB),,
1663,26/03/2014 19:13:04,,26/03/2014 19:13:04,GS:MBUS,,ISSUStructuredNoteFormulaDetails,SNFM,(BLOB),,
1669,27/03/2014 16:22:12,,27/03/2014 16:22:12,GS:MBUS,,PRODProductGroupParticipant,PDGP,(BLOB),,
1670,28/03/2014 10:41:25,,28/03/2014 10:41:25,GS:MBUS,,PRODProductLineParticipant,PRLP,(BLOB),,
1673,05/06/2014 15:33:45,,05/06/2014 15:33:45,GS:MBUS,,IAPRIssueActionOfferDetails,IAOF,(BLOB),,
1674,18/08/2014 10:44:36,,18/08/2014 10:44:36,GS:MBUS,,EMPLPerson,CUCH,(BLOB),,
1675,18/08/2014 10:45:11,,18/08/2014 10:45:11,GS:MBUS,,ISSUHaircutDetails,HCUT,(BLOB),,
1676,18/08/2014 10:45:12,,18/08/2014 10:45:12,GS:MBUS,,ISTYHaircutDetails,HCUT,(BLOB),,
1677,18/08/2014 10:45:13,,18/08/2014 10:45:13,GS:MBUS,,FINSHaircutDetails,HCUT,(BLOB),,
1678,18/08/2014 10:45:14,,18/08/2014 10:45:14,GS:MBUS,,MRKTHaircutDetails,HCUT,(BLOB),,
1679,18/08/2014 10:45:14,,18/08/2014 10:45:14,GS:MBUS,,GUNTHaircutDetails,HCUT,(BLOB),,
1680,05/09/2014 10:23:19,,05/09/2014 10:23:19,GS:MBUS,,RGCHIssueRegulationReportDefinition,RGRR,(BLOB),,
1707,17/03/2015 15:32:21,,11/01/2016 17:24:50,GS:MBUS,,ITGRMarketIssueCharacteristics,MKIS,(BLOB),,
3001729,25/03/2017 08:46:32,,25/03/2017 08:46:32,BBVA:CUSTOMER,,LAAP-LAAPStatistic,LPX1,(BLOB),,
3001730,25/03/2017 08:46:32,,25/03/2017 08:46:32,BBVA:CUSTOMER,,FLAR-LPS1,LPS1,(BLOB),,
1825,25/10/2016 17:00:53,,25/10/2016 17:00:53,GS:DM:MBUS,,IAESIssueActionAmount,IAAM,(BLOB),,
1826,27/05/2017 09:24:56,,27/05/2017 09:24:56,GS:MBUS,,IAESIssueActionGeographicUnit,IAGU,(BLOB),,
3001981,18/05/2019 11:45:34,,18/05/2019 11:45:34,BBVA:CUSTOMER,,SectAssetAlloc,SAA1,(BLOB),,
3001910,14/12/2019 11:44:52,,14/12/2019 11:44:52,BBVA:CUSTOMER,,LegalOpinion,LAL1,(BLOB),,
3001911,14/12/2019 11:44:52,,14/12/2019 11:44:52,BBVA:CUSTOMER,,LegalOpinionDetails,LLD1,(BLOB),,
3001800,18/06/2018 16:51:23,,18/06/2018 16:51:23,BBVA:CUSTOMER,,API_Parameters,API1,(BLOB),,
3001683,26/11/2016 08:42:26,,26/11/2016 08:42:26,BBVA:CUSTOMER,,FinancialEndOp,FEO1,(BLOB),,
3001684,26/11/2016 08:42:26,,26/11/2016 08:42:26,BBVA:CUSTOMER,,Apptobroadcast,ATB1,(BLOB),,
3001685,26/11/2016 08:42:26,,26/11/2016 08:42:26,BBVA:CUSTOMER,,UITemporalData,UTD1,(BLOB),,
3001686,26/11/2016 08:42:26,,26/11/2016 08:42:26,BBVA:CUSTOMER,,CacheCounterparties2,CCT1,(BLOB),,
3001687,26/11/2016 08:42:26,,26/11/2016 08:42:26,BBVA:CUSTOMER,,Parameters to use,PAR1,(BLOB),,
3001688,26/11/2016 08:42:26,,26/11/2016 08:42:26,BBVA:CUSTOMER,,Query Planifications,QPF1,(BLOB),,
3001689,26/11/2016 08:42:26,,26/11/2016 08:42:26,BBVA:CUSTOMER,,RegisterLogTable,RLT1,(BLOB),,
3001690,26/11/2016 08:42:26,,26/11/2016 08:42:26,BBVA:CUSTOMER,,FinancialLegalNames,FLG1,(BLOB),,
3001691,26/11/2016 08:42:26,,26/11/2016 08:42:26,BBVA:CUSTOMER,,CacheAllCounterparties,CAC1,(BLOB),,
3001692,26/11/2016 08:42:26,,26/11/2016 08:42:26,BBVA:CUSTOMER,,RegulatoryInfo,REG1,(BLOB),,
3001693,26/11/2016 08:42:26,,26/11/2016 08:42:26,BBVA:CUSTOMER,,DealingMandates,DMT1,(BLOB),,
3001694,26/11/2016 08:42:26,,26/11/2016 08:42:26,BBVA:CUSTOMER,,Inhibitions,INH1,(BLOB),,
3001695,26/11/2016 08:42:26,,26/11/2016 08:42:26,BBVA:CUSTOMER,,ErrorMessagesManagement,EMM1,(BLOB),,
3001696,26/11/2016 08:42:26,,26/11/2016 08:42:26,BBVA:CUSTOMER,,LegalEntityIdentifiers,LEI1,(BLOB),,
3001697,26/11/2016 08:42:26,,26/11/2016 08:42:26,BBVA:CUSTOMER,,ActionsToExecute,ATE1,(BLOB),,
3001698,26/11/2016 08:42:26,,26/11/2016 08:42:26,BBVA:CUSTOMER,,ErrorMessagesManagementDetails,EMM2,(BLOB),,
3001699,26/11/2016 08:42:26,,26/11/2016 08:42:26,BBVA:CUSTOMER,,PrCpartyRl,PCP1,(BLOB),,
3001700,26/11/2016 08:42:26,,26/11/2016 08:42:26,BBVA:CUSTOMER,,RelCntc,CRE1,(BLOB),,
3001701,26/11/2016 08:42:26,,26/11/2016 08:42:26,BBVA:CUSTOMER,,LAIPStatistic,LPS1,(BLOB),,
3001702,26/11/2016 08:42:26,,26/11/2016 08:42:26,BBVA:CUSTOMER,,LAANStatistic,LAX1,(BLOB),,
3001703,26/11/2016 08:42:26,,26/11/2016 08:42:26,BBVA:CUSTOMER,,LAAPStatistic,LPX1,(BLOB),,
3001704,26/11/2016 08:42:26,,26/11/2016 08:42:26,BBVA:CUSTOMER,,CalendarAltId,CID1,(BLOB),,
3001705,26/11/2016 08:42:26,,26/11/2016 08:42:26,BBVA:CUSTOMER,,ConfirmationId,COI1,(BLOB),,
3001706,26/11/2016 08:42:26,,26/11/2016 08:42:26,BBVA:CUSTOMER,,ContactAltId,CAI1,(BLOB),,
3001707,26/11/2016 08:42:26,,26/11/2016 08:42:26,BBVA:CUSTOMER,,FinsEntrAttr,FEA1,(BLOB),,
3001708,26/11/2016 08:42:26,,26/11/2016 08:42:26,BBVA:CUSTOMER,,FinsRegAttr,FRA1,(BLOB),,
3001709,26/11/2016 08:42:26,,26/11/2016 08:42:26,BBVA:CUSTOMER,,FinsSubdAttr,FSA1,(BLOB),,
3001710,26/11/2016 08:42:26,,26/11/2016 08:42:26,BBVA:CUSTOMER,,StandConfAssig,SCA1,(BLOB),,
3001711,26/11/2016 08:42:26,,26/11/2016 08:42:26,BBVA:CUSTOMER,,StandSettAltId,SAI1,(BLOB),,
3001712,26/11/2016 08:42:26,,26/11/2016 08:42:26,BBVA:CUSTOMER,,TradingBook,TBC1,(BLOB),,
3001713,26/11/2016 08:42:26,,26/11/2016 08:42:26,BBVA:CSTM,,IssueStatisticCustom,IST5,(BLOB),,C
3001714,26/11/2016 08:42:26,,26/11/2016 08:42:26,BBVA:CUSTOMER,,ExtIssKeyVal,EIK1,(BLOB),,
3001715,26/11/2016 08:42:26,,26/11/2016 08:42:26,BBVA:CUSTOMER,,FinsRoleIdentifierPrincipal,FRP1,(BLOB),,
3001717,26/11/2016 08:42:26,,26/11/2016 08:42:26,BBVA:CUSTOMER,,ChannelPriority,PRI1,(BLOB),,
3001718,26/11/2016 08:42:26,,26/11/2016 08:42:26,BBVA:CUSTOMER,,ConfirmationAtributtes,COA1,(BLOB),,
3001719,26/11/2016 08:42:26,,26/11/2016 08:42:26,BBVA:CUSTOMER,,settPartAtId,SAP1,(BLOB),,
3001720,26/11/2016 08:42:26,,26/11/2016 08:42:26,BBVA:CUSTOMER,,FianncialAtBranchId,FAB1,(BLOB),,
3001721,26/11/2016 08:42:26,,26/11/2016 08:42:26,BBVA:CUSTOMER,,settlementAtId,SAT1,(BLOB),,
3001722,26/11/2016 08:42:26,,26/11/2016 08:42:26,BBVA:CUSTOMER,,ContactAttributeId,COT1,(BLOB),,
3001723,26/11/2016 08:42:26,,26/11/2016 08:42:26,BBVA:CUSTOMER,,CntcLegAgrmtExt,LAC1,(BLOB),,
3001724,26/11/2016 08:42:26,,26/11/2016 08:42:26,BBVA:CUSTOMER,,CollatLegAgrmtExt,LAD1,(BLOB),,
3001725,26/11/2016 08:42:27,,26/11/2016 08:42:27,BBVA:CUSTOMER,,LegAgrmtExt,LAG1,(BLOB),,
3001726,26/11/2016 08:42:27,,26/11/2016 08:42:27,BBVA:CUSTOMER,,LegAgrmtRestExt,LAR1,(BLOB),,
3001727,26/11/2016 08:42:27,,26/11/2016 08:42:27,BBVA:CUSTOMER,,LegAgrmtAttrib,LAT1,(BLOB),,
3001728,26/11/2016 08:42:27,,26/11/2016 08:42:27,BBVA:CUSTOMER,,LegAgrmtCPPlz,LAP1,(BLOB),,
3000002,24/07/2013 17:25:21,,24/07/2013 17:25:21,INTESA:CSTM,,AgentsOptions,AGT1,(BLOB),,
3000858,26/11/2016 08:42:27,,26/11/2016 08:42:27,BBVA:CUSTOMER,,CntcLegAgrmtExtLagr,LAC1,(BLOB),,
3000906,26/11/2016 08:42:27,,26/11/2016 08:42:27,BBVA:CUSTOMER,,LegAgrmtCPPlzFlar,LAP1,(BLOB),,
3000907,26/11/2016 08:42:27,,26/11/2016 08:42:27,BBVA:CUSTOMER,,LegAgrmtCPPlzLaip,LAP1,(BLOB),,
3001854,15/03/2019 09:23:14,,15/03/2019 09:23:14,BBVA:CUSTOMER,,ISGPIssueGroupParticipant,ISGP,(BLOB),,
1804,19/08/2016 15:34:29,,19/08/2016 15:34:29,GS:DM:MBUS,,IADCIssueActionEventSecurityInformation,IAES,(BLOB),,
1805,19/08/2016 15:34:30,,19/08/2016 15:34:30,GS:DM:MBUS,,IAPRIssueActionEventSecurityInformation,IAES,(BLOB),,
1806,19/08/2016 15:34:32,,19/08/2016 15:34:32,GS:DM:MBUS,,IADCIssueActionDate,IADT,(BLOB),,
1807,19/08/2016 15:34:33,,19/08/2016 15:34:33,GS:DM:MBUS,,IAPRIssueActionDate,IADT,(BLOB),,
1808,19/08/2016 15:34:34,,19/08/2016 15:34:34,GS:DM:MBUS,,IAESIssueActionDate,IADT,(BLOB),,
1809,19/08/2016 15:34:35,,19/08/2016 15:34:35,GS:DM:MBUS,,IAESIssueActionFieldInformation,IAFI,(BLOB),,
1810,19/08/2016 15:34:38,,19/08/2016 15:34:38,GS:DM:MBUS,,IAESIssueActionComment,IACM,(BLOB),,
1811,19/08/2016 15:34:39,,19/08/2016 15:34:39,GS:DM:MBUS,,IAESIssueActionPeriod,IAPD,(BLOB),,
1812,19/08/2016 15:34:40,,19/08/2016 15:34:40,GS:DM:MBUS,,IAESIssueActionFractionSettlement,IAFS,(BLOB),,
1813,19/08/2016 15:34:41,,19/08/2016 15:34:41,GS:DM:MBUS,,IAESIssueDate,ISDT,(BLOB),,
1815,19/11/2016 16:55:57,,19/11/2016 16:55:57,GS:MBUS,,ISSUIssueActionDate,IADT,(BLOB),,
1821,19/08/2016 15:34:46,,19/08/2016 15:34:46,GS:MBUS,,IAESIssueActionEventIdentifierReference,IAEI,(BLOB),,
3001780,11/10/2019 10:16:54,,11/10/2019 10:16:54,BBVA:CUSTOMER,,LegalAgreementInvolvedPartyAttributes,LIS1,(BLOB),,
3001779,14/07/2018 08:39:31,,14/07/2018 08:39:31,BBVA:CUSTOMER,,AbaIdentifiers,ABA1,(BLOB),,
3001852,15/12/2018 08:02:02,,15/12/2018 08:02:02,BBVA:CUSTOMER,,TradingBookAttributes,TBA1,(BLOB),,
3001781,17/12/2019 09:47:23,,17/12/2019 09:47:23,BBVA:CUSTOMER,,LegalAgreementRestrictionTrades,LRT1,(BLOB),,
3001785,17/12/2019 09:47:23,,17/12/2019 09:47:23,BBVA:CUSTOMER,,LegalAgreementFunds,FND1,(BLOB),,
3001784,17/12/2019 09:47:23,,17/12/2019 09:47:23,BBVA:CUSTOMER,,LRT1-LAAN,LRT1,(BLOB),,
3152,21/02/2018 14:11:30,,21/02/2018 14:11:30,GS:MBUS,,PPEDRiskIssueConsolidatedScore,RICS,(BLOB),,
3153,21/02/2018 14:11:32,,21/02/2018 14:11:32,GS:MBUS,,VRDFRiskIssueConsolidatedScore,RICS,(BLOB),,
3154,21/02/2018 14:11:34,,21/02/2018 14:11:34,GS:MBUS,,RISDRiskIssueScoreDetails,RISD,(BLOB),,
3155,21/02/2018 14:11:35,,21/02/2018 14:11:35,GS:MBUS,,RISRRiskIssueScoreDetails,RISD,(BLOB),,
3156,21/02/2018 14:11:36,,21/02/2018 14:11:36,GS:MBUS,,ISPHIssuePriceHistory,ISPH,(BLOB),,
3161,20/12/2017 11:52:32,,20/12/2017 11:52:32,GS:MBUS,,BERCBusinessEntityRuleConfiguration,BERC,(BLOB),,
3162,20/12/2017 11:52:32,,20/12/2017 11:52:32,GS:MBUS,,BERCBusinessEntityRuleInstance,BERI,(BLOB),,
3163,20/12/2017 11:52:33,,20/12/2017 11:52:33,GS:MBUS,,BERIBusinessEntityRuleInstanceParameter,BERP,(BLOB),,
3164,12/03/2018 12:38:34,,12/03/2018 12:38:34,GS:MBUS,,MKFDMarketFeed,MKFD,(BLOB),,
3165,18/01/2018 16:48:47,,18/01/2018 16:48:47,GS:MBUS,,CADFMatrixDefinitionInstance,MTDI,(BLOB),,
3166,18/01/2018 16:48:50,,18/01/2018 16:48:50,GS:MBUS,,MTRXPriceValidationInstructions,PRVI,(BLOB),,
3167,18/01/2018 16:48:56,,18/01/2018 16:48:56,GS:MBUS,,MTDIPriceValidationInstructions,PRVI,(BLOB),,
3168,12/03/2018 12:38:36,,12/03/2018 12:38:36,GS:MBUS,,ISSUIssueFinancialMarketRole,IMKR,(BLOB),,
3169,12/03/2018 12:38:38,,12/03/2018 12:38:38,GS:MBUS,,MRKTIssueFinancialMarketRole,IMKR,(BLOB),,
3170,30/01/2018 20:48:55,,30/01/2018 20:48:55,GS:MSYS:REF,,FINSFinancialInstitutionAgreementRole,FLAR,(BLOB),,
3171,30/01/2018 20:49:01,,30/01/2018 20:49:01,GS:MSYS:REF,,GUGRFinancialInstitutionAgreementRole,FLAR,(BLOB),,
3172,30/01/2018 20:49:07,,30/01/2018 20:49:07,GS:MSYS:REF,,LAGRFinancialInstitutionAgreementRole,FLAR,(BLOB),,
3173,30/01/2018 20:49:13,,30/01/2018 20:49:13,GS:MSYS:REF,,RTVLFinancialInstitutionAgreementRole,FLAR,(BLOB),,
3174,30/01/2018 20:49:18,,30/01/2018 20:49:18,GS:MSYS:REF,,FINSLegalAgreementAnnexure,LAAN,(BLOB),,
3175,30/01/2018 20:49:20,,30/01/2018 20:49:20,GS:MSYS:REF,,GUNTLegalAgreementAnnexure,LAAN,(BLOB),,
3176,30/01/2018 20:49:22,,30/01/2018 20:49:22,GS:MSYS:REF,,LAGRLegalAgreementAnnexure,LAAN,(BLOB),,
3177,30/01/2018 20:49:24,,30/01/2018 20:49:24,GS:MSYS:REF,,CNTCLegalAgreementAnnexParticipant,LAAP,(BLOB),,
3178,30/01/2018 20:49:26,,30/01/2018 20:49:26,GS:MSYS:REF,,FLARLegalAgreementAnnexParticipant,LAAP,(BLOB),,
3179,30/01/2018 20:49:29,,30/01/2018 20:49:29,GS:MSYS:REF,,GUGRLegalAgreementAnnexParticipant,LAAP,(BLOB),,
3180,30/01/2018 20:49:32,,30/01/2018 20:49:32,GS:MSYS:REF,,GUNTLegalAgreementAnnexParticipant,LAAP,(BLOB),,
3181,30/01/2018 20:49:35,,30/01/2018 20:49:35,GS:MSYS:REF,,LAANLegalAgreementAnnexParticipant,LAAP,(BLOB),,
3182,30/01/2018 20:49:37,,30/01/2018 20:49:37,GS:MSYS:REF,,RTVLLegalAgreementAnnexParticipant,LAAP,(BLOB),,
3183,30/01/2018 20:49:40,,30/01/2018 20:49:40,GS:MSYS:REF,,LAAPLegalAgreementAnnexPrtThreshold,LAAT,(BLOB),,
3184,30/01/2018 20:49:43,,30/01/2018 20:49:43,GS:MSYS:REF,,RTVLLegalAgreementAnnexPrtThreshold,LAAT,(BLOB),,
3185,30/01/2018 20:49:45,,30/01/2018 20:49:45,GS:MSYS:REF,,FINSLegalAgreementCollateralDetails,LACD,(BLOB),,
3186,30/01/2018 20:49:47,,30/01/2018 20:49:47,GS:MSYS:REF,,FLARLegalAgreementCollateralDetails,LACD,(BLOB),,
3187,30/01/2018 20:49:50,,30/01/2018 20:49:50,GS:MSYS:REF,,ISSRLegalAgreementCollateralDetails,LACD,(BLOB),,
3188,30/01/2018 20:49:52,,30/01/2018 20:49:52,GS:MSYS:REF,,ISSULegalAgreementCollateralDetails,LACD,(BLOB),,
3189,30/01/2018 20:49:55,,30/01/2018 20:49:55,GS:MSYS:REF,,ISTYLegalAgreementCollateralDetails,LACD,(BLOB),,
3190,30/01/2018 20:49:57,,30/01/2018 20:49:57,GS:MSYS:REF,,LAAPLegalAgreementCollateralDetails,LACD,(BLOB),,
3191,30/01/2018 20:50:00,,30/01/2018 20:50:00,GS:MSYS:REF,,RGATLegalAgreementCollateralDetails,LACD,(BLOB),,
3192,30/01/2018 20:50:02,,30/01/2018 20:50:02,GS:MSYS:REF,,RTVLLegalAgreementCollateralDetails,LACD,(BLOB),,
3193,30/01/2018 20:50:05,,30/01/2018 20:50:05,GS:MSYS:REF,,DLBRLegalAgreementCoverage,LACV,(BLOB),,
3194,30/01/2018 20:50:06,,30/01/2018 20:50:06,GS:MSYS:REF,,FLARLegalAgreementCoverage,LACV,(BLOB),,
3195,30/01/2018 20:50:07,,30/01/2018 20:50:07,GS:MSYS:REF,,LAANLegalAgreementCoverage,LACV,(BLOB),,
3196,30/01/2018 20:50:08,,30/01/2018 20:50:08,GS:MSYS:REF,,LAIPLegalAgreementCoverage,LACV,(BLOB),,
3197,30/01/2018 20:50:10,,30/01/2018 20:50:10,GS:MSYS:REF,,PDGRLegalAgreementCoverage,LACV,(BLOB),,
3198,30/01/2018 20:50:11,,30/01/2018 20:50:11,GS:MSYS:REF,,PRODLegalAgreementCoverage,LACV,(BLOB),,
3199,30/01/2018 20:50:12,,30/01/2018 20:50:12,GS:MSYS:REF,,SUBDLegalAgreementCoverage,LACV,(BLOB),,
3200,30/01/2018 20:50:13,,30/01/2018 20:50:13,GS:MSYS:REF,,CADFLegalAgreement,LAGR,(BLOB),,
3201,30/01/2018 20:50:16,,30/01/2018 20:50:16,GS:MSYS:REF,,ENTRLegalAgreement,LAGR,(BLOB),,
3202,30/01/2018 20:50:19,,30/01/2018 20:50:19,GS:MSYS:REF,,LAGRLegalAgreementIdentifier,LAID,(BLOB),,
3203,30/01/2018 20:50:20,,30/01/2018 20:50:20,GS:MSYS:REF,,CNTCLegalAgreementInvolvedParty,LAIP,(BLOB),,
3204,30/01/2018 20:50:21,,30/01/2018 20:50:21,GS:MSYS:REF,,DLBRLegalAgreementInvolvedParty,LAIP,(BLOB),,
3205,30/01/2018 20:50:22,,30/01/2018 20:50:22,GS:MSYS:REF,,FINSLegalAgreementInvolvedParty,LAIP,(BLOB),,
3206,30/01/2018 20:50:24,,30/01/2018 20:50:24,GS:MSYS:REF,,FLARLegalAgreementInvolvedParty,LAIP,(BLOB),,
3207,30/01/2018 20:50:25,,30/01/2018 20:50:25,GS:MSYS:REF,,EXTRLegalAgreementRestriction,LARS,(BLOB),,
3208,30/01/2018 20:50:26,,30/01/2018 20:50:26,GS:MSYS:REF,,ISTYLegalAgreementRestriction,LARS,(BLOB),,
3209,30/01/2018 20:50:28,,30/01/2018 20:50:28,GS:MSYS:REF,,ITGRLegalAgreementRestriction,LARS,(BLOB),,
3210,30/01/2018 20:50:29,,30/01/2018 20:50:29,GS:MSYS:REF,,LAANLegalAgreementRestriction,LARS,(BLOB),,
3212,30/01/2018 20:50:32,,30/01/2018 20:50:32,GS:MSYS:REF,,PDGRLegalAgreementRestriction,LARS,(BLOB),,
3213,30/01/2018 20:50:33,,30/01/2018 20:50:33,GS:MSYS:REF,,PRODLegalAgreementRestriction,LARS,(BLOB),,
3214,30/01/2018 20:50:37,,30/01/2018 20:50:37,GS:MBUS,,ACCTAddressPurpose,ADPU,(BLOB),,
3215,30/01/2018 20:50:38,,30/01/2018 20:50:38,GS:MBUS,,CUSTAddressPurpose,ADPU,(BLOB),,
3217,21/02/2018 14:11:40,,21/02/2018 14:11:40,GS:MBUS,,CADFValueatRiskDefinition,VRDF,(BLOB),,
3218,21/02/2018 14:11:41,,21/02/2018 14:11:41,GS:MBUS,,RISRRiskIssueScore,RISR,(BLOB),,
3219,21/02/2018 14:11:42,,21/02/2018 14:11:42,GS:MBUS,,PRVIRiskIssueScore,RISR,(BLOB),,
3220,21/02/2018 14:11:43,,21/02/2018 14:11:43,GS:MBUS,,RICSRiskIssueScore,RISR,(BLOB),,
3222,21/02/2018 14:11:18,,21/02/2018 14:11:18,GS:MBUS,,MDGRMatrixDefinitionInstanceGroup,MDGR,(BLOB),,
3223,21/02/2018 14:11:19,,21/02/2018 14:11:19,GS:MBUS,,MTDIMatrixDefinitionInstanceGroup,MDGR,(BLOB),,
3224,21/02/2018 14:11:19,,21/02/2018 14:11:19,GS:MBUS,,MDGPMatrixDefInstanceGroupParticipant,MDGP,(BLOB),,
3225,21/02/2018 14:11:20,,21/02/2018 14:11:20,GS:MBUS,,MDGRMatrixDefInstanceGroupParticipant,MDGP,(BLOB),,
3226,21/02/2018 14:11:21,,21/02/2018 14:11:21,GS:MBUS,,MTDIMatrixDefInstanceGroupParticipant,MDGP,(BLOB),,
3227,12/03/2018 12:38:43,,12/03/2018 12:38:43,GS:MBUS,,ISSUIssueLabel,ISLB,(BLOB),,
3228,21/02/2018 14:11:50,,21/02/2018 14:11:50,GS:MBUS,,MDGRPriceValidationInstructions,PRVI,(BLOB),,
3229,21/02/2018 15:12:50,,21/02/2018 15:12:50,GS:MBUS,,TZDFPricePointEventDefinition,PPED,(BLOB),,
3230,05/07/2018 09:53:32,,05/07/2018 09:53:32,GS:MBUS,,BFDFBusinessEntityFieldDefinition,BFDF,(BLOB),,
3231,05/07/2018 09:53:34,,05/07/2018 09:53:34,GS:MBUS,,DGDFDataGroupDefinition,DGDF,(BLOB),,
3232,05/07/2018 09:53:35,,05/07/2018 09:53:35,GS:MBUS,,DGDPDataGroupParticipant,DGDP,(BLOB),,
3233,05/07/2018 09:53:37,,05/07/2018 09:53:37,GS:MBUS,,BFDFDataGroupParticipant,DGDP,(BLOB),,
3234,05/07/2018 09:53:38,,05/07/2018 09:53:38,GS:MBUS,,DGDFDataGroupParticipant,DGDP,(BLOB),,
3235,23/07/2018 16:49:59,,23/07/2018 16:49:59,GS:MBUS,,APDFAuthorizedOrderEvent,AOEV,(BLOB),,
3236,23/07/2018 16:50:00,,23/07/2018 16:50:00,GS:MBUS,,AUORAuthorizedOrderEvent,AOEV,(BLOB),,
3237,23/07/2018 16:50:02,,23/07/2018 16:50:02,GS:MBUS,,CUSTRequestForQuote,RFQQ,(BLOB),,
3238,23/07/2018 16:50:06,,23/07/2018 16:50:06,GS:MBUS,,ENTRRequestForQuote,RFQQ,(BLOB),,
3239,23/07/2018 16:50:09,,23/07/2018 16:50:09,GS:MBUS,,FINSRequestForQuote,RFQQ,(BLOB),,
3240,23/07/2018 16:50:12,,23/07/2018 16:50:12,GS:MBUS,,ISSURequestForQuote,RFQQ,(BLOB),,
3241,23/07/2018 16:50:16,,23/07/2018 16:50:16,GS:MBUS,,PRODRequestForQuote,RFQQ,(BLOB),,
3242,23/07/2018 16:50:20,,23/07/2018 16:50:20,GS:MBUS,,RFQQRequestForQuote,RFQQ,(BLOB),,
3243,23/07/2018 16:50:23,,23/07/2018 16:50:23,GS:MBUS,,APDFRequestForQuoteEvent,RQEV,(BLOB),,
3244,23/07/2018 16:50:26,,23/07/2018 16:50:26,GS:MBUS,,ISPCRequestForQuoteEvent,RQEV,(BLOB),,
3245,23/07/2018 16:50:28,,23/07/2018 16:50:28,GS:MBUS,,RFQQRequestForQuoteEvent,RQEV,(BLOB),,
3246,23/07/2018 16:50:30,,23/07/2018 16:50:30,GS:MBUS,,RFQQRequestForQuoteIdentifier,RQID,(BLOB),,
3247,23/07/2018 16:50:31,,23/07/2018 16:50:31,GS:MBUS,,APDFRequestForQuoteParticipant,RQPT,(BLOB),,
3248,23/07/2018 16:50:34,,23/07/2018 16:50:34,GS:MBUS,,CUSTRequestForQuoteParticipant,RQPT,(BLOB),,
3249,23/07/2018 16:50:37,,23/07/2018 16:50:37,GS:MBUS,,DLERRequestForQuoteParticipant,RQPT,(BLOB),,
3250,23/07/2018 16:50:39,,23/07/2018 16:50:39,GS:MBUS,,DREPRequestForQuoteParticipant,RQPT,(BLOB),,
3251,23/07/2018 16:50:42,,23/07/2018 16:50:42,GS:MBUS,,EMPLRequestForQuoteParticipant,RQPT,(BLOB),,
3252,23/07/2018 16:50:45,,23/07/2018 16:50:45,GS:MBUS,,FINSRequestForQuoteParticipant,RQPT,(BLOB),,
3253,23/07/2018 16:50:47,,23/07/2018 16:50:47,GS:MBUS,,FPRORequestForQuoteParticipant,RQPT,(BLOB),,
3254,23/07/2018 16:50:49,,23/07/2018 16:50:49,GS:MBUS,,RFQQRequestForQuoteParticipant,RQPT,(BLOB),,
3255,23/07/2018 16:50:52,,23/07/2018 16:50:52,GS:MBUS,,MRKTAuthorizedOrder,AUOR,(BLOB),,
3256,23/07/2018 16:50:59,,23/07/2018 16:50:59,GS:MBUS,,RFQQAuthorizedOrder,AUOR,(BLOB),,
3257,23/07/2018 16:51:06,,23/07/2018 16:51:06,GS:MBUS,,RFQQExecutedTransaction,EXTR,(BLOB),,
3258,12/03/2018 15:04:29,,12/03/2018 15:04:29,GS:MBUS,,ENTRRiskFactorGroup,RKFG,(BLOB),,
3259,12/03/2018 15:04:54,,12/03/2018 15:04:54,GS:MBUS,,FINSCustomerStatus,CSTA,(BLOB),,
3260,12/03/2018 15:04:55,,12/03/2018 15:04:55,GS:MBUS,,FINSFinsRoleCustomerParticipant,FRCP,(BLOB),,
3261,06/04/2018 15:52:21,,06/04/2018 15:52:21,GS:MBUS,,AUORTransactionCounterparty,TRCP,(BLOB),,
3262,06/04/2018 15:52:33,,06/04/2018 15:52:33,GS:MBUS,,PRODEmployeeProductRole,EPRR,(BLOB),,
3263,23/07/2018 16:51:20,,23/07/2018 16:51:20,GS:MBUS,,ISSUIssueReport,ISRP,(BLOB),,
3264,23/07/2018 16:51:25,,23/07/2018 16:51:25,GS:MBUS,,MRKTIssueReport,ISRP,(BLOB),,
3265,23/07/2018 16:51:31,,23/07/2018 16:51:31,GS:MBUS,,RGATIssueReport,ISRP,(BLOB),,
3266,23/07/2018 16:51:36,,23/07/2018 16:51:36,GS:MBUS,,RGRLIssueReport,ISRP,(BLOB),,
3268,06/04/2018 15:53:21,,06/04/2018 15:53:21,GS:MBUS,,CSTAEmployeeCustomerStatusRole,ECST,(BLOB),,
3269,06/04/2018 15:53:24,,06/04/2018 15:53:24,GS:MBUS,,EMPLEmployeeCustomerStatusRole,ECST,(BLOB),,
3270,06/04/2018 15:53:29,,06/04/2018 15:53:29,GS:MBUS,,EMGREmployeeCustomerStatusRole,ECST,(BLOB),,
3271,08/05/2018 12:40:15,,08/05/2018 12:40:15,GS:MBUS,,ISIDGoldenPriceConsolidatedStatus,GPCS,(BLOB),,
3272,06/04/2018 15:53:34,,06/04/2018 15:53:34,GS:MBUS,,IAASInternalAccountAssignment,IAAS,(BLOB),,
3274,06/04/2018 15:55:05,,06/04/2018 15:55:05,GS:MBUS,,ICSCIssueCurveSurfaceCharacteristics,ICSC,(BLOB),,
3275,06/04/2018 15:55:10,,06/04/2018 15:55:10,GS:MBUS,,ISSUIssueCurveSurfaceCharacteristics,ICSC,(BLOB),,
3276,06/04/2018 15:55:16,,06/04/2018 15:55:16,GS:MBUS,,CADFIssueCurveSurfaceCharacteristics,ICSC,(BLOB),,
3277,06/04/2018 15:52:44,,06/04/2018 15:52:44,GS:MBUS,,DCNGDataContributorGroup,DCNG,(BLOB),,
3278,06/04/2018 15:52:47,,06/04/2018 15:52:47,GS:MBUS,,DCNPDataContributorGroupParticipant,DCNP,(BLOB),,
3279,06/04/2018 15:52:51,,06/04/2018 15:52:51,GS:MBUS,,DCNGDataContributorGroupParticipant,DCNP,(BLOB),,
3280,06/04/2018 15:52:39,,06/04/2018 15:52:39,GS:MBUS,,DCNGVendorHierarchySource,VHSR,(BLOB),,
3281,06/04/2018 15:52:58,,06/04/2018 15:52:58,GS:MBUS,,DCNGPriceValidationInstructions,PRVI,(BLOB),,
3282,06/04/2018 15:55:25,,06/04/2018 15:55:25,GS:MBUS,,PXDFProxyDefinition,PXDF,(BLOB),,
3283,06/04/2018 15:55:31,,06/04/2018 15:55:31,GS:MBUS,,ISSUProxyDefinition,PXDF,(BLOB),,
3284,06/04/2018 15:55:38,,06/04/2018 15:55:38,GS:MBUS,,MRKTProxyDefinition,PXDF,(BLOB),,
3285,06/04/2018 15:55:45,,06/04/2018 15:55:45,GS:MBUS,,VRDFProxyDefinition,PXDF,(BLOB),,
3286,06/04/2018 15:55:51,,06/04/2018 15:55:51,GS:MBUS,,MTDIProxyDefinition,PXDF,(BLOB),,
3287,06/04/2018 15:55:58,,06/04/2018 15:55:58,GS:MBUS,,PXGDProxyGenericDefinition,PXGD,(BLOB),,
3288,06/04/2018 15:56:02,,06/04/2018 15:56:02,GS:MBUS,,VRDFProxyGenericDefinition,PXGD,(BLOB),,
3289,06/04/2018 15:56:06,,06/04/2018 15:56:06,GS:MBUS,,ISSUProxyGenericDefinition,PXGD,(BLOB),,
3290,06/04/2018 15:56:11,,06/04/2018 15:56:11,GS:MBUS,,MRKTProxyGenericDefinition,PXGD,(BLOB),,
3291,06/04/2018 15:56:15,,06/04/2018 15:56:15,GS:MBUS,,ISSUProxyCalculatedDetails,PXCD,(BLOB),,
3292,06/04/2018 15:56:24,,06/04/2018 15:56:24,GS:MBUS,,MRKTProxyCalculatedDetails,PXCD,(BLOB),,
3293,06/04/2018 15:56:34,,06/04/2018 15:56:34,GS:MBUS,,VRDFProxyCalculatedDetails,PXCD,(BLOB),,
3294,06/04/2018 15:56:43,,06/04/2018 15:56:43,GS:MBUS,,PXDFProxyCalculatedDetails,PXCD,(BLOB),,
3295,06/04/2018 15:56:52,,06/04/2018 15:56:52,GS:MBUS,,PXGDProxyCalculatedDetails,PXCD,(BLOB),,
3296,06/04/2018 15:57:01,,06/04/2018 15:57:01,GS:MBUS,,PXGDProxyGenericParticipant,PXGP,(BLOB),,
3297,06/04/2018 15:53:42,,06/04/2018 15:53:42,GS:MBUS,,FINRInternalAccountAssignment,IAAS,(BLOB),,
3298,06/04/2018 15:53:49,,06/04/2018 15:53:49,GS:MBUS,,PRODInternalAccountAssignment,IAAS,(BLOB),,
3299,23/07/2018 16:51:41,,23/07/2018 16:51:41,GS:MBUS,,MKISMarketIssueRegulatoryValues,MKRV,(BLOB),,
3300,23/07/2018 16:51:43,,23/07/2018 16:51:43,GS:MBUS,,RGATMarketIssueRegulatoryValues,MKRV,(BLOB),,
3301,23/07/2018 16:51:46,,23/07/2018 16:51:46,GS:MBUS,,EXTRExecutedTransactionPayment,ETPY,(BLOB),,
3302,23/07/2018 16:51:48,,23/07/2018 16:51:48,GS:MBUS,,TRCPExecutedTransactionPayment,ETPY,(BLOB),,
3303,23/07/2018 16:51:51,,23/07/2018 16:51:51,GS:MBUS,,FINSExecutedTransactionPayment,ETPY,(BLOB),,
3304,23/07/2018 16:51:54,,23/07/2018 16:51:54,GS:MBUS,,CUSTExecutedTransactionPayment,ETPY,(BLOB),,
3305,23/04/2018 14:36:33,,23/04/2018 14:36:33,GS:MSYS:REF,,LAGRStandardSettlementInstruction,SSIS,(BLOB),,
3306,23/04/2018 14:36:38,,23/04/2018 14:36:38,GS:MSYS:REF,,MTCSMatrixConsolidatedStatus,MTCS,(BLOB),,
3307,23/04/2018 14:36:39,,23/04/2018 14:36:39,GS:MSYS:REF,,MTDIMatrixConsolidatedStatus,MTCS,(BLOB),,
3308,23/04/2018 14:36:41,,23/04/2018 14:36:41,GS:MSYS:REF,,DWDFMatrixConsolidatedStatus,MTCS,(BLOB),,
3309,23/04/2018 14:36:42,,23/04/2018 14:36:42,GS:MSYS:REF,,PPEDMatrixConsolidatedStatus,MTCS,(BLOB),,
3310,23/04/2018 14:36:44,,23/04/2018 14:36:44,GS:MSYS:REF,,MRKTMatrixConsolidatedStatus,MTCS,(BLOB),,
3311,23/04/2018 14:36:45,,23/04/2018 14:36:45,GS:MSYS:REF,,MTCSMatrixRuleStatus,MTRS,(BLOB),,
3312,23/04/2018 14:36:46,,23/04/2018 14:36:46,GS:MSYS:REF,,MTDIMatrixRuleStatus,MTRS,(BLOB),,
3313,23/04/2018 14:36:47,,23/04/2018 14:36:47,GS:MSYS:REF,,PRVIMatrixRuleStatus,MTRS,(BLOB),,
3314,23/04/2018 14:36:48,,23/04/2018 14:36:48,GS:MSYS:REF,,PRVIMatrixPointRuleStatus,MTPS,(BLOB),,
3315,23/04/2018 14:36:49,,23/04/2018 14:36:49,GS:MSYS:REF,,MTRSMatrixPointRuleStatus,MTPS,(BLOB),,
3316,23/04/2018 14:36:50,,23/04/2018 14:36:50,GS:MSYS:REF,,ISSUMatrixPointRuleStatus,MTPS,(BLOB),,
3317,23/04/2018 14:36:51,,23/04/2018 14:36:51,GS:MSYS:REF,,ISPCMatrixPointRuleStatus,MTPS,(BLOB),,
3318,08/05/2018 12:40:07,,08/05/2018 12:40:07,GS:MBUS,,ISGRMatrixDefinitionInstance,MTDI,(BLOB),,
3319,29/05/2018 19:35:31,,29/05/2018 19:35:31,GS:MBUS,,CCRCProductCorrespondParticipant,PRCP,(BLOB),,
3320,29/05/2018 19:35:32,,29/05/2018 19:35:32,GS:MBUS,,CCSEProductCorrespondParticipant,PRCP,(BLOB),,
3321,29/05/2018 19:35:22,,29/05/2018 19:35:22,GS:MBUS,,FLARFinancialInstitutionAgreementRole,FLAR,(BLOB),,
3322,29/05/2018 19:35:34,,29/05/2018 19:35:34,GS:MBUS,,RLDFRuleDefinition,RLDF,(BLOB),,
3323,29/05/2018 19:35:35,,29/05/2018 19:35:35,GS:MBUS,,RLDFRuleParameter,RLPM,(BLOB),,
3324,29/05/2018 19:35:36,,29/05/2018 19:35:36,GS:MBUS,,RLSHRuleExecutionScopeHierarchy,RLSH,(BLOB),,
3325,29/05/2018 19:35:37,,29/05/2018 19:35:37,GS:MBUS,,RLSHRuleExecutionScopeValues,RLSV,(BLOB),,
3326,29/05/2018 19:35:38,,29/05/2018 19:35:38,GS:MBUS,,RLDFRuleExecutionInstruction,RLEI,(BLOB),,
3327,29/05/2018 19:35:39,,29/05/2018 19:35:39,GS:MBUS,,RLSVRuleExecutionInstruction,RLEI,(BLOB),,
3328,29/05/2018 19:35:40,,29/05/2018 19:35:40,GS:MBUS,,RLEIRuleExecutionParameterValue,RLPV,(BLOB),,
3329,29/05/2018 19:35:41,,29/05/2018 19:35:41,GS:MBUS,,RLPMRuleExecutionParameterValue,RLPV,(BLOB),,
3330,29/05/2018 19:35:42,,29/05/2018 19:35:42,GS:MBUS,,RLEIRuleExecutionLog,RLEL,(BLOB),,
3331,15/06/2018 15:46:09,,15/06/2018 15:46:09,GS:MBUS,,RTNGExternalRatingValue,ERVL,(BLOB),,
3332,23/07/2018 16:51:56,,23/07/2018 16:51:56,GS:MBUS,,APDFAuthorizedOrderParticipant,AOPT,(BLOB),,
3333,15/06/2018 15:45:59,,15/06/2018 15:45:59,GS:MBUS,,AFLDApplicationFieldDefinition,AFLD,(BLOB),,
3334,15/06/2018 15:46:00,,15/06/2018 15:46:00,GS:MBUS,,APDFApplicationFieldDefinition,AFLD,(BLOB),,
3335,15/06/2018 15:46:01,,15/06/2018 15:46:01,GS:MBUS,,AFLDApplicationFieldMapping,AFLM,(BLOB),,
3336,15/06/2018 15:46:02,,15/06/2018 15:46:02,GS:MBUS,,CLDFApplicationFieldMapping,AFLM,(BLOB),,
3337,15/06/2018 15:46:04,,15/06/2018 15:46:04,GS:MBUS,,AFLMApplicationFieldTranslation,AFLT,(BLOB),,
3338,15/06/2018 15:46:05,,15/06/2018 15:46:05,GS:MBUS,,CADFFinsRoleCalendarParticipant,FRCA,(BLOB),,
3339,15/06/2018 15:46:06,,15/06/2018 15:46:06,GS:MBUS,,CADFGeoUnitCalendarParticipant,GUCA,(BLOB),,
3340,15/06/2018 15:46:08,,15/06/2018 15:46:08,GS:MBUS,,CADFFinsMarketCalendarParticipant,MKCA,(BLOB),,
3341,22/06/2018 14:55:05,,22/06/2018 14:55:05,GS:MBUS,,BNCHMatrixDefinitionInstance,MTDI,(BLOB),,
3342,22/06/2018 14:55:10,,22/06/2018 14:55:10,GS:MBUS,,GUNTMatrixDefinitionInstance,MTDI,(BLOB),,
3343,22/06/2018 14:55:15,,22/06/2018 14:55:15,GS:MBUS,,INCLMatrixDefinitionInstance,MTDI,(BLOB),,
3344,22/06/2018 14:55:20,,22/06/2018 14:55:20,GS:MBUS,,ISSRMatrixDefinitionInstance,MTDI,(BLOB),,
3345,22/06/2018 14:55:25,,22/06/2018 14:55:25,GS:MBUS,,RTVLMatrixDefinitionInstance,MTDI,(BLOB),,
3346,22/06/2018 14:55:30,,22/06/2018 14:55:30,GS:MBUS,,ISSUMatrixDefinitionInstance,MTDI,(BLOB),,
3347,22/06/2018 14:55:35,,22/06/2018 14:55:35,GS:MBUS,,MTRXMatrixUserStatistic,MTUS,(BLOB),,
3348,22/06/2018 14:55:37,,22/06/2018 14:55:37,GS:MBUS,,MTDIMatrixUserStatistic,MTUS,(BLOB),,
3349,22/06/2018 14:55:39,,22/06/2018 14:55:39,GS:MBUS,,STDFMatrixUserStatistic,MTUS,(BLOB),,
3350,22/06/2018 14:55:41,,22/06/2018 14:55:41,GS:MBUS,,ISPAIssuePriceAttribute,ISPA,(BLOB),,
3351,22/06/2018 14:55:42,,22/06/2018 14:55:42,GS:MBUS,,ISSUIssuePriceAttribute,ISPA,(BLOB),,
3352,22/06/2018 14:55:44,,22/06/2018 14:55:44,GS:MBUS,,PPEDIssuePriceAttribute,ISPA,(BLOB),,
3353,22/06/2018 14:55:45,,22/06/2018 14:55:45,GS:MBUS,,MRKTIssuePriceAttribute,ISPA,(BLOB),,
3354,22/06/2018 14:55:47,,22/06/2018 14:55:47,GS:MBUS,,ISPAIssuePriceHistory,ISPH,(BLOB),,
3355,22/06/2018 14:55:50,,22/06/2018 14:55:50,GS:MBUS,,FILFFinancialInstitutionLegalForm,FILF,(BLOB),,
3356,22/06/2018 14:55:51,,22/06/2018 14:55:51,GS:MBUS,,FILFFinancialInstLegalFormDescription,FILD,(BLOB),,
3357,23/07/2018 16:40:59,,23/07/2018 16:40:59,GS:MBUS,,CUSTTransactionLimitInstruction,TRLM,(BLOB),,
3358,09/08/2018 18:16:57,,09/08/2018 18:16:57,GS:MSYS:REF,,SUBDSubdivisionAccountRole,SACR,(BLOB),,
3359,09/08/2018 18:16:59,,09/08/2018 18:16:59,GS:MBUS,,ACCTStandardSettlementAccount,SSAC,(BLOB),,
3360,09/08/2018 18:17:01,,09/08/2018 18:17:01,GS:MSYS:REF,,SUBDSubdivisionCustomerRole,SUCR,(BLOB),,
3361,09/08/2018 18:17:03,,09/08/2018 18:17:03,GS:MSYS:REF,,RKFTRiskFactor,RKFT,(BLOB),,
3362,09/08/2018 18:17:05,,09/08/2018 18:17:05,GS:MSYS:REF,,MTDIRiskFactor,RKFT,(BLOB),,
3363,09/08/2018 18:17:07,,09/08/2018 18:17:07,GS:MSYS:REF,,MTGDRiskFactor,RKFT,(BLOB),,
3364,09/08/2018 18:17:10,,09/08/2018 18:17:10,GS:MSYS:REF,,ISSURiskFactor,RKFT,(BLOB),,
3365,09/08/2018 18:17:12,,09/08/2018 18:17:12,GS:MSYS:REF,,ENTRRiskFactor,RKFT,(BLOB),,
3366,09/08/2018 18:17:14,,09/08/2018 18:17:14,GS:MSYS:REF,,SUBDRiskFactor,RKFT,(BLOB),,
3367,09/08/2018 18:17:16,,09/08/2018 18:17:16,GS:MSYS:REF,,BNCHRiskFactor,RKFT,(BLOB),,
3368,10/08/2018 14:01:32,,10/08/2018 14:01:32,GS:MSYS:REF,,RICSIssuePriceAttribute,ISPA,(BLOB),,
3369,10/08/2018 09:37:31,,10/08/2018 09:37:31,GS:MBUS,,ISSULoanMortgageExchange,LMEX,(BLOB),,
3370,10/08/2018 09:37:33,,10/08/2018 09:37:33,GS:MBUS,,RISSLoanMortgageExchange,LMEX,(BLOB),,
3371,06/11/2018 09:50:15,,06/11/2018 09:50:15,GS:DM:MBUS,,ENTRDomainValueGroup,DMGR,(BLOB),,
3372,06/11/2018 09:50:15,,06/11/2018 09:50:15,GS:DM:MBUS,,ISSUDomainValueGroup,DMGR,(BLOB),,
3373,06/11/2018 09:50:15,,06/11/2018 09:50:15,GS:DM:MBUS,,IDMVDomainValueGroup,DMGR,(BLOB),,
3374,06/11/2018 09:50:15,,06/11/2018 09:50:15,GS:DM:MBUS,,SUBDDomainValueGroup,DMGR,(BLOB),,
3375,06/11/2018 09:49:52,,06/11/2018 09:49:52,GS:DM:MBUS,,IDMVDomainValueGroupParticipant,DMGP,(BLOB),,
3376,06/11/2018 09:49:52,,06/11/2018 09:49:52,GS:DM:MBUS,,DMGRDomainValueGroupParticipant,DMGP,(BLOB),,
3377,09/08/2018 18:17:19,,09/08/2018 18:17:19,GS:MSYS:REF,,FINSIssueActionInstitutionDataChange,IAFN,(BLOB),,
3378,10/08/2018 14:01:33,,10/08/2018 14:01:33,GS:MBUS,,VRWNValueAtRiskWindow,VRWN,(BLOB),,
3379,10/08/2018 14:01:34,,10/08/2018 14:01:34,GS:MBUS,,VRDFValueAtRiskWindow,VRWN,(BLOB),,
3381,17/08/2018 18:21:24,,17/08/2018 18:21:24,GS:MSYS:REF,,SPELSNPEntityLevelData,SPEL,(BLOB),,
3382,17/08/2018 18:21:25,,17/08/2018 18:21:25,GS:MSYS:REF,,SPILSNPInstrumentLevelData,SPIL,(BLOB),,
3383,17/08/2018 18:21:26,,17/08/2018 18:21:26,GS:MSYS:REF,,SPSLSNPSecurityLevelData,SPSL,(BLOB),,
3384,17/08/2018 18:21:26,,17/08/2018 18:21:26,GS:MSYS:REF,,SPRLSNPRatingLevelData,SPRL,(BLOB),,
3385,17/08/2018 18:21:27,,17/08/2018 18:21:27,GS:MSYS:REF,,SPALSNPAssessmentLevelData,SPAL,(BLOB),,
3386,17/08/2018 18:21:28,,17/08/2018 18:21:28,GS:MSYS:REF,,SPIESNPInstrumenttoEntity,SPIE,(BLOB),,
3387,17/08/2018 18:21:28,,17/08/2018 18:21:28,GS:MSYS:REF,,SPESSNPEntitySector,SPES,(BLOB),,
3388,17/08/2018 18:21:29,,17/08/2018 18:21:29,GS:MSYS:REF,,SPISSNPInstrumentSector,SPIS,(BLOB),,
3389,17/08/2018 18:21:30,,17/08/2018 18:21:30,GS:MSYS:REF,,SPICSNPIndustryCharacterstics,SPIC,(BLOB),,
3390,17/08/2018 18:21:31,,17/08/2018 18:21:31,GS:MSYS:REF,,SPRXSNPRatingIdentifier,SPRX,(BLOB),,
3391,17/08/2018 18:21:32,,17/08/2018 18:21:32,GS:MSYS:REF,,SPRASNPRatingsData,SPRA,(BLOB),,
3392,17/08/2018 18:21:34,,17/08/2018 18:21:34,GS:MSYS:REF,,SPASSNPAssessmentData,SPAS,(BLOB),,
3393,29/08/2018 13:41:47,,29/08/2018 13:41:47,GS:MBUS,,ISSUIssueRestriction,ISRS,(BLOB),,
3394,29/08/2018 13:41:49,,29/08/2018 13:41:49,GS:MBUS,,GUNTIssueRestriction,ISRS,(BLOB),,
3395,06/11/2018 09:50:15,,06/11/2018 09:50:15,GS:DM:MBUS,,DMGRDomainValueGroup,DMGR,(BLOB),,
3396,10/09/2018 16:12:12,,10/09/2018 16:12:12,GS:MBUS,,MDGRMatrixRuleStatus,MTRS,(BLOB),,
3397,10/09/2018 16:12:14,,10/09/2018 16:12:14,GS:MBUS,,PCFDMatrixDefinitionInstance,MTDI,(BLOB),,
3398,10/09/2018 16:12:18,,10/09/2018 16:12:18,GS:MBUS,,PCFDPriceConfigurationDefinition,PCFD,(BLOB),,
3400,17/09/2018 13:21:19,,17/09/2018 13:21:19,GS:MBUS,,SSIRStandardSettlementComment,SSCM,(BLOB),,
3401,17/09/2018 13:31:47,,17/09/2018 13:31:47,GS:MBUS,,FRIDFinsRoleIdentifier,FRID,(BLOB),,
3402,27/09/2018 11:50:21,,27/09/2018 11:50:21,GS:MBUS,,ISSUIssueCalculatedValue,ISCV,(BLOB),,
3403,27/09/2018 11:53:00,,27/09/2018 11:53:00,GS:MBUS,,ENTRMatrixType,MTTY,(BLOB),,
3404,27/09/2018 11:53:01,,27/09/2018 11:53:01,GS:MBUS,,MTTYMatrixType,MTTY,(BLOB),,
3405,27/09/2018 11:53:02,,27/09/2018 11:53:02,GS:MBUS,,MTTYMatrixDefinition,MTRX,(BLOB),,
3406,28/09/2018 17:34:54,,28/09/2018 17:34:54,GS:MBUS,,SSISGeneralDocument,GDOC,(BLOB),,
3407,06/11/2018 09:51:21,,06/11/2018 09:51:21,GS:MBUS,,ACCTPerformanceHistory,PRFH,(BLOB),,
3408,06/11/2018 09:51:21,,07/12/2018 21:20:17,GS:MSYS:REF,,FinsRoleIssueParticipantInactive,FRIP,(BLOB),,I
3409,06/11/2018 09:48:57,,06/11/2018 09:48:57,GS:MBUS,,ACCTAccountTransaction,ACTR,(BLOB),,
3410,06/11/2018 09:48:57,,06/11/2018 09:48:57,GS:MBUS,,TRDFAccountTransaction,ACTR,(BLOB),,
3411,06/11/2018 09:48:57,,06/11/2018 09:48:57,GS:MBUS,,ISSUAccountTransaction,ACTR,(BLOB),,
3412,15/10/2018 20:11:26,,15/10/2018 20:11:26,GS:MBUS,,VRWNIssuePriceAttribute,ISPA,(BLOB),,
3413,15/10/2018 20:11:27,,15/10/2018 20:11:27,GS:MBUS,,PRODGeneralTableComment,GNCM,(BLOB),,
3414,15/10/2018 20:11:27,,15/10/2018 20:11:27,GS:MBUS,,CADFTenorCalculationDetails,TNCD,(BLOB),,
3415,16/10/2018 11:28:10,,16/10/2018 11:28:10,GS:MBUS,,RGATProductFeatureCharacteristics,PFCH,(BLOB),,
3416,16/10/2018 11:30:00,,16/10/2018 11:30:00,GS:MBUS,,RGRLProductFeatureCharacteristics,PFCH,(BLOB),,
3417,16/10/2018 11:30:23,,16/10/2018 11:30:23,GS:MBUS,,EMGRProductFeatureCharacteristics,PFCH,(BLOB),,
3427,07/12/2018 21:20:17,,07/12/2018 21:20:17,GS:MBUS,,PRTYProduct,PROD,(BLOB),,
3428,19/12/2018 21:29:33,,19/12/2018 21:29:33,GS:MBUS,,AUORAuthorizedOrderComment,AOCM,(BLOB),,
3429,19/12/2018 21:29:35,,19/12/2018 21:29:35,GS:MBUS,,NCDFAuthorizedOrderComment,AOCM,(BLOB),,
3430,22/11/2018 14:51:02,,22/11/2018 14:51:02,GS:MBUS,,FINSRatingOpinionsComment,GNCM,(BLOB),,
3431,22/11/2018 14:51:03,,22/11/2018 14:51:03,GS:MBUS,,ISSRRatingOpinionsComment,GNCM,(BLOB),,
3432,22/11/2018 14:51:04,,22/11/2018 14:51:04,GS:MBUS,,ISSURatingOpinionsComment,GNCM,(BLOB),,
3433,22/11/2018 14:47:42,,22/11/2018 14:47:42,GS:MBUS,,RGRLRegulatoryRuleRequirement,RGRL,(BLOB),,
3434,22/11/2018 14:47:42,,22/11/2018 14:47:42,GS:MBUS,,RGATRegulatoryAuthority,RGAT,(BLOB),,
3436,07/12/2018 21:20:21,,07/12/2018 21:20:21,GS:MBUS,,PRTYProductType,PRTY,(BLOB),,
3437,19/12/2018 20:45:38,,19/12/2018 20:45:38,GS:MBUS,,BEVIBusinessEntityValidationProcInstance,BEVI,(BLOB),,
3438,19/12/2018 20:45:40,,19/12/2018 20:45:40,GS:MBUS,,BEVEBusEntityValidProcInstanceExecDetl,BEVE,(BLOB),,
3439,19/12/2018 20:45:41,,19/12/2018 20:45:41,GS:MBUS,,BEVIBusEntityValidProcInstanceExecDetl,BEVE,(BLOB),,
3440,19/12/2018 20:45:43,,19/12/2018 20:45:43,GS:MBUS,,ACCTAccountAllocation,ACAL,(BLOB),,
3441,19/12/2018 20:45:45,,19/12/2018 20:45:45,GS:MBUS,,MTDIIssueCurveSurfaceCharacteristics,ICSC,(BLOB),,
3444,11/01/2019 19:12:27,,11/01/2019 19:12:27,GS:MBUS,,RLSCRuleExecutionScope,RLSC,(BLOB),,
3445,11/01/2019 19:12:28,,11/01/2019 19:12:28,GS:MBUS,,RLSCRuleExecutionScopeParticipant,RLSP,(BLOB),,
3446,11/01/2019 19:12:28,,11/01/2019 19:12:28,GS:MBUS,,RLSCRuleExecutionScopeInstance,RLSI,(BLOB),,
3447,11/01/2019 19:12:26,,11/01/2019 19:12:26,GS:MBUS,,RLSIRuleExecScopeInstanceParticipant,RLIP,(BLOB),,
3448,11/01/2019 19:12:26,,11/01/2019 19:12:26,GS:MBUS,,RLSCRuleExecScopeInstanceParticipant,RLIP,(BLOB),,
3449,11/01/2019 19:12:27,,11/01/2019 19:12:27,GS:MBUS,,RLSPRuleExecScopeInstanceParticipant,RLIP,(BLOB),,
3450,11/01/2019 19:12:23,,11/01/2019 19:12:23,GS:MBUS,,GNPCGeneralProcessConfiguration,GNPC,(BLOB),,
3451,11/01/2019 19:12:24,,11/01/2019 19:12:24,GS:MBUS,,GNPCGeneralProcessConfigParticipant,GNPP,(BLOB),,
3452,11/01/2019 19:12:23,,11/01/2019 19:12:23,GS:MBUS,,GNPCGeneralProcessConfigurationInstance,GNPI,(BLOB),,
3453,11/01/2019 19:12:21,,11/01/2019 19:12:21,GS:MBUS,,GNPCGeneralProcConfigInstanceParticipant,GNIP,(BLOB),,
3454,11/01/2019 19:12:22,,11/01/2019 19:12:22,GS:MBUS,,GNPPGeneralProcConfigInstanceParticipant,GNIP,(BLOB),,
3455,11/01/2019 19:12:22,,11/01/2019 19:12:22,GS:MBUS,,GNPIGeneralProcConfigInstanceParticipant,GNIP,(BLOB),,
3456,11/01/2019 19:12:25,,11/01/2019 19:12:25,GS:MBUS,,RLSIRuleExecutionInstruction,RLEI,(BLOB),,
3458,14/01/2019 11:09:06,,14/01/2019 11:09:06,GS:MBUS,,JBDFJobScheduleParameterDetails,JBSP,(BLOB),,
3464,25/01/2019 21:49:16,,25/01/2019 21:49:16,GS:MBUS,,GNPIGeneralProcessConfigTableReference,GNTR,(BLOB),,
3465,25/01/2019 21:49:17,,25/01/2019 21:49:17,GS:MBUS,,PXGDGeneralProcessConfigTableReference,GNTR,(BLOB),,
3466,25/01/2019 21:49:18,,25/01/2019 21:49:18,GS:MBUS,,ENTRCalculatedValueDefinition,CVDF,(BLOB),,
3467,25/01/2019 21:49:19,,25/01/2019 21:49:19,GS:MBUS,,SUBDCalculatedValueDefinition,CVDF,(BLOB),,
3474,30/01/2019 11:46:08,,30/01/2019 11:46:08,GS:MBUS,,CVDFCalculatedValueDefinition,CVDF,(BLOB),,
3475,20/02/2019 23:12:31,,20/02/2019 23:12:31,GS:MBUS,,NTDFMessageOverrideNotificationText,NTXO,(BLOB),,
3476,20/02/2019 23:32:46,,20/02/2019 23:32:46,GS:MBUS,,ISSUPriceConfigurationGroupParticipant,PCGP,(BLOB),,
3477,20/02/2019 23:32:48,,20/02/2019 23:32:48,GS:MBUS,,PCGRPriceConfigurationGroupParticipant,PCGP,(BLOB),,
3478,20/02/2019 23:32:50,,20/02/2019 23:32:50,GS:MBUS,,PCGRPriceConfigurationGroup,PCGR,(BLOB),,
3480,21/02/2019 02:41:44,,21/02/2019 02:41:44,GS:MBUS,,ACCTAccountSummary,ACCS,(BLOB),,
3483,21/02/2019 02:46:00,,21/02/2019 02:46:00,GS:MBUS,,PRODProductBenchmarkRole,PBMR,(BLOB),,
3484,21/02/2019 15:40:58,,21/02/2019 15:40:58,GS:MBUS,,UIPRUserInterfaceProperties,UIPR,(BLOB),,
3485,02/03/2019 11:29:59,,02/03/2019 11:29:59,GS:MBUS,,PRODProductApplicationRole,PRAR,(BLOB),,
3486,02/03/2019 10:54:01,,02/03/2019 10:54:01,GS:MBUS,,PRODCentralCrossReference,CCRF,(BLOB),,
3490,18/03/2019 08:01:19,,18/03/2019 08:01:19,GS:MBUS,,ACCSAccountSummary,ACCS,(BLOB),,
3491,18/03/2019 08:01:36,,18/03/2019 08:01:36,GS:MBUS,,UCPCUserCurvePrice,UCPC,(BLOB),,
3492,18/03/2019 08:00:08,,18/03/2019 08:00:08,GS:MBUS,,RLSIRuleExecutionScopeInstance,RLSI,(BLOB),,
3493,18/03/2019 08:00:08,,18/03/2019 08:00:08,GS:MBUS,,GeneralProcessScopeInstance,GNPI,(BLOB),,
3494,05/04/2019 06:58:58,,05/04/2019 06:58:58,GS:MBUS,,ACCSAccountSummaryStatistic,ACSS,(BLOB),,
3495,29/03/2019 10:05:10,,29/03/2019 10:05:10,GS:MBUS,,FINSFinsRoleMarketRelationship,FRMK,(BLOB),,
3496,05/04/2019 06:54:59,,05/04/2019 06:54:59,GS:MBUS,,ACCTAccountReturnsandAnalyticsbyDate,ACRD,(BLOB),,
3497,05/04/2019 06:11:34,,05/04/2019 06:11:34,GS:MBUS,,ISSUIssueLegalAgreementRole,ILAR,(BLOB),,
3498,11/04/2019 20:16:34,,11/04/2019 20:16:34,GS:MBUS,,BFFPBusinessFeedFieldParticipant,BFFP,(BLOB),,
3499,11/04/2019 20:16:35,,11/04/2019 20:16:35,GS:MBUS,,BSFDBusinessFeedFieldParticipant,BFFP,(BLOB),,
3500,11/04/2019 20:16:36,,11/04/2019 20:16:36,GS:MBUS,,BFRTBusinessFeedFieldParticipant,BFFP,(BLOB),,
3501,11/04/2019 20:16:38,,11/04/2019 20:16:38,GS:MBUS,,VSFDBusinessFeedFieldParticipant,BFFP,(BLOB),,
3502,11/04/2019 20:16:39,,11/04/2019 20:16:39,GS:MBUS,,BFRTBusinessFeedRecordType,BFRT,(BLOB),,
3503,11/04/2019 20:16:40,,11/04/2019 20:16:40,GS:MBUS,,BSFDBusinessFeedRecordType,BFRT,(BLOB),,
3504,11/04/2019 20:16:42,,11/04/2019 20:16:42,GS:MBUS,,VSFDBusinessFeedRecordType,BFRT,(BLOB),,
3505,11/04/2019 20:16:43,,11/04/2019 20:16:43,GS:MBUS,,VSFDVendorSourceFieldDefinition,VSFD,(BLOB),,
3506,11/04/2019 20:16:44,,11/04/2019 20:16:44,GS:MBUS,,BFHABusinessFeedHeaderAttribute,BFHA,(BLOB),,
1248,03/03/2009 14:45:22,,03/03/2009 14:45:22,GS:MSYS:REF,,MADRModelReval,MADR,(BLOB),,
1501,14/12/2012 18:03:37,,14/12/2012 18:03:37,GS:MSYS:REF,,USTAUSTreasuryStatementOfPublicDebt,USTS,(BLOB),,
1510,14/12/2012 09:49:02,,14/12/2012 09:49:02,GS:MSYS:REF,,FinancialInstitutionEvent,FIEV,(BLOB),,
1511,14/12/2012 09:49:02,,14/12/2012 09:49:02,GS:MSYS:REF,,FinsEventSuccessorPredecessor,FISP,(BLOB),,
1512,14/12/2012 09:49:02,,14/12/2012 09:49:02,GS:MSYS:REF,,FinsTierAuctionDetails,FIAU,(BLOB),,
1513,14/12/2012 09:49:02,,14/12/2012 09:49:02,GS:MSYS:REF,,BenchmarkSuccessorPredecessor,BNSU,(BLOB),,
1517,14/12/2012 18:12:30,,14/12/2012 18:12:30,GS:MBUS,,ISSUSecurityLendingStatistics,SLND,(BLOB),,
1524,14/12/2012 11:23:49,,14/12/2012 11:23:49,GS:MBUS,,ENTRDataSource,DSRC,(BLOB),,
1525,14/12/2012 11:23:50,,14/12/2012 11:23:50,GS:MBUS,,SUBDDataSource,DSRC,(BLOB),,
1526,14/12/2012 11:23:50,,14/12/2012 11:23:50,GS:MBUS,,FINRDataSource,DSRC,(BLOB),,
1527,14/12/2012 11:23:51,,14/12/2012 11:23:51,GS:MBUS,,MADRDataSource,DSRC,(BLOB),,
1528,14/12/2012 11:31:23,,14/12/2012 11:31:23,GS:MBUS,,EMPLNLSNameAndDescription,NLNM,(BLOB),,
1530,14/12/2012 11:59:32,,15/10/2018 20:11:25,GS:MBUS,,DSRCDataSource,DSRC,(BLOB),,I
1532,14/12/2012 14:57:03,,14/12/2012 14:57:03,GS:MBUS,,RGRRIssueRegulatoryPeriods,RGPD,(BLOB),,
1533,14/12/2012 14:57:03,,14/12/2012 14:57:03,GS:MBUS,,RGRRIssueRegulatoryRoundtripInformation,RGRT,(BLOB),,
1534,14/12/2012 14:57:03,,14/12/2012 14:57:03,GS:MBUS,,RGRRIssueRegulatoryAmounts,RGAM,(BLOB),,
1535,14/12/2012 14:57:04,,14/12/2012 14:57:04,GS:MBUS,,ISSUIssueTaxCollectionInformation,ITCI,(BLOB),,
1536,14/12/2012 14:57:04,,14/12/2012 14:57:04,GS:MBUS,,ITCIIssueTaxCollectionDetails,ITCD,(BLOB),,
1540,14/12/2012 15:41:50,,14/12/2012 15:41:50,GS:MBUS,,ISSUIssueAnalyticsbyPriceType,ISNP,(BLOB),,
1554,06/02/2013 17:51:57,,06/02/2013 17:51:57,GS:MBUS,,LMTGLoanMortgageGeographicUnit,LMGU,(BLOB),,
1555,06/02/2013 17:52:05,,06/02/2013 17:52:05,GS:MBUS,,GUNTLoanMortgageGeographicUnit,LMGU,(BLOB),,
1556,06/02/2013 17:51:58,,06/02/2013 17:51:58,GS:MBUS,,LMTGLoanMortgageRating,LMRT,(BLOB),,
1557,06/02/2013 17:52:06,,06/02/2013 17:52:06,GS:MBUS,,RTNGLoanMortgageRating,LMRT,(BLOB),,
1558,06/02/2013 17:52:07,,06/02/2013 17:52:07,GS:MBUS,,RTVLLoanMortgageRating,LMRT,(BLOB),,
1559,06/02/2013 17:52:08,,06/02/2013 17:52:08,GS:MBUS,,ERVLLoanMortgageRating,LMRT,(BLOB),,
1574,27/07/2013 13:35:27,,27/07/2013 13:35:27,GS:MBUS,,FRRLFinsRoleIssueParticipant,FRIP,(BLOB),,
1633,01/04/2014 16:02:30,,01/04/2014 16:02:30,GS:MBUS,,CAMOCustomerAccountMediaOptionsSetup,CAMO,(BLOB),,
1636,15/08/2013 13:17:19,,15/08/2013 13:17:19,GS:MBUS,,ISSUIssueActionAnnouncement,IAAN,(BLOB),,
1637,15/08/2013 13:17:21,,15/08/2013 13:17:21,GS:MBUS,,IATYIssueActionAnnouncement,IAAN,(BLOB),,
1638,15/08/2013 13:17:22,,15/08/2013 13:17:22,GS:MBUS,,ISSRIssueActionAnnouncement,IAAN,(BLOB),,
1639,15/08/2013 13:17:24,,15/08/2013 13:17:24,GS:MBUS,,IADCIssueActionNotificationInstruction,IANI,(BLOB),,
1640,15/08/2013 13:17:25,,15/08/2013 13:17:25,GS:MBUS,,IAPRIssueActionNotificationInstruction,IANI,(BLOB),,
1647,26/09/2013 14:58:37,,26/09/2013 14:58:37,GS:MBUS,,ISSUTaxWithholding,TXWH,(BLOB),,
1648,07/10/2013 16:27:48,,07/10/2013 16:27:48,GS:MBUS,,FINSAddressTypeUsage,ADTP,(BLOB),,
1671,29/04/2014 11:24:16,,29/04/2014 11:24:16,GS:MBUS,,GUNTGeoUnitCalendarParticipant,GUCA,(BLOB),,
1672,29/04/2014 11:24:17,,29/04/2014 11:24:17,GS:MBUS,,GUNTGeographicUnitRating,GURT,(BLOB),,
1686,14/11/2014 16:18:12,,14/11/2014 16:18:12,GS:MBUS,,GUNTNLSNameAndDescription,NLNM,(BLOB),,
1687,14/11/2014 16:18:13,,14/11/2014 16:18:13,GS:MBUS,,RTNGNLSNameAndDescription,NLNM,(BLOB),,
1688,14/11/2014 16:18:13,,14/11/2014 16:18:13,GS:MBUS,,CYCHNLSNameAndDescription,NLNM,(BLOB),,
1689,14/11/2014 16:18:14,,14/11/2014 16:18:14,GS:MBUS,,FINSNLSNameAndDescription,NLNM,(BLOB),,
1690,14/11/2014 16:18:14,,14/11/2014 16:18:14,GS:MBUS,,MRKTNLSNameAndDescription,NLNM,(BLOB),,
1691,14/11/2014 16:18:15,,14/11/2014 16:18:15,GS:MBUS,,INCSNLSNameAndDescription,NLNM,(BLOB),,
1692,14/11/2014 16:18:10,,14/11/2014 16:18:10,GS:MBUS,,MDCFModelConfigurationDetails,MDCF,(BLOB),,
1693,17/11/2014 14:42:34,,17/11/2014 14:42:34,GS:MBUS,,MDDFModelConfigurationDetails,MDCF,(BLOB),,
1694,09/12/2014 18:05:47,,09/12/2014 18:05:47,GS:MBUS,,FINSRatingOpinions,RTOP,(BLOB),,
1695,09/12/2014 18:05:47,,09/12/2014 18:05:47,GS:MBUS,,RTNGRatingOpinions,RTOP,(BLOB),,
1696,14/11/2014 16:18:11,,14/11/2014 16:18:11,GS:MBUS,,DWDFDownstreamDestinationDetails,DWDS,(BLOB),,
1697,09/12/2014 18:05:48,,09/12/2014 18:05:48,GS:MBUS,,ISSURatingOpinions,RTOP,(BLOB),,
1698,09/12/2014 18:05:49,,09/12/2014 18:05:49,GS:MBUS,,ISSRRatingOpinions,RTOP,(BLOB),,
1701,19/01/2015 19:20:45,,19/01/2015 19:20:45,GS:MBUS,,SNPRSNPRatingSecurity,SNPR,(BLOB),,
1702,19/01/2015 19:20:46,,19/01/2015 19:20:46,GS:MBUS,,SNPSSNPSymbol,SNPS,(BLOB),,
1703,19/01/2015 19:20:46,,19/01/2015 19:20:46,GS:MBUS,,SNPOSNPRatingObjectDetail,SNPO,(BLOB),,
1704,31/12/2014 14:14:46,,31/12/2014 14:14:46,GS:MBUS,,DSRCDataSourceIdentifier,DSID,(BLOB),,
1705,19/01/2015 19:20:46,,19/01/2015 19:20:46,GS:MBUS,,SNPASNPAssessmentObjectDetail,SNPA,(BLOB),,
1711,18/03/2015 17:54:58,,18/03/2015 17:54:58,GS:MBUS,,PPEDPricePointEventDefinition,PPED,(BLOB),,
1712,18/03/2015 17:55:00,,18/03/2015 17:55:00,GS:MBUS,,GPVCGoldenPriceVendorCheckException,GPVC,(BLOB),,
1714,18/03/2015 17:55:00,,18/03/2015 17:55:00,GS:MBUS,,GPVCGoldenPriveVendorChkExcpParticipant,GPVP,(BLOB),,
1715,18/03/2015 17:55:01,,15/10/2018 20:11:25,GS:MBUS,,GPRCGoldenPrice,GPRC,(BLOB),,I
1716,18/03/2015 17:55:02,,18/03/2015 17:55:02,GS:MBUS,,GPVPGoldenPrice,GPRC,(BLOB),,
1717,18/03/2015 17:55:03,,18/03/2015 17:55:03,GS:MBUS,,GPVPMissingPrices,MPRC,(BLOB),,
1718,13/05/2015 09:29:11,,13/05/2015 09:29:11,GS:MBUS,,IADCCompanyMeeting,COMT,(BLOB),,
1720,07/07/2015 16:13:42,,07/07/2015 16:13:42,GS:MBUS,,FLDFInternalDomainValueConfiguration,IDMC,(BLOB),,
1721,07/07/2015 16:13:42,,07/07/2015 16:13:42,GS:MBUS,,FCDFInternalDomainValueConfiguration,IDMC,(BLOB),,
1722,07/07/2015 16:13:43,,07/07/2015 16:13:43,GS:MBUS,,ISSUIssueSafeCustodyAlternative,ISSC,(BLOB),,
1723,06/07/2015 20:18:39,,06/07/2015 20:18:39,GS:MBUS,,ISPTIssuePricePoint,ISPT,(BLOB),,
1724,06/07/2015 20:18:41,,06/07/2015 20:18:41,GS:MBUS,,ISPTIssuePricePointGroup,IPGR,(BLOB),,
1725,06/07/2015 20:18:43,,06/07/2015 20:18:43,GS:MBUS,,IPGRIssuePricePointGroupParticipant,IPGP,(BLOB),,
1726,07/07/2015 16:13:42,,07/07/2015 16:13:42,GS:MBUS,,UWCHGeneralTableComment,GNCM,(BLOB),,
1727,02/07/2015 14:07:40,,02/07/2015 14:07:40,GS:MBUS,,DCDFDocumentText,DCXT,(BLOB),,
1728,02/07/2015 14:07:41,,02/07/2015 14:07:41,GS:MBUS,,DCDFDocumentGroup,DCGR,(BLOB),,
1729,02/07/2015 14:07:42,,02/07/2015 14:07:42,GS:MBUS,,DCGRDocumentGroupParticipant,DCGP,(BLOB),,
1730,02/07/2015 14:07:42,,02/07/2015 14:07:42,GS:MBUS,,DCGRDocumentAssignment,DCAS,(BLOB),,
1734,07/07/2015 16:11:47,,07/07/2015 16:11:47,GS:MBUS,,INCLNLSNameandDescription,NLNM,(BLOB),,
1735,03/09/2015 19:38:13,,03/09/2015 19:38:13,GS:MBUS,,ACCTDocumentAssignment,DCAS,(BLOB),,
1736,03/09/2015 19:38:14,,03/09/2015 19:38:14,GS:MBUS,,BNCHDocumentAssignment,DCAS,(BLOB),,
1737,03/09/2015 19:38:16,,03/09/2015 19:38:16,GS:MBUS,,ISSUDocumentAssignment,DCAS,(BLOB),,
1738,03/09/2015 19:38:17,,03/09/2015 19:38:17,GS:MBUS,,PDGRDocumentAssignment,DCAS,(BLOB),,
1739,06/07/2015 20:18:45,,06/07/2015 20:18:45,GS:MBUS,,ISPTGoldenPriceConsolidatedStatus,GPCS,(BLOB),,
1740,06/07/2015 20:18:46,,06/07/2015 20:18:46,GS:MBUS,,JBDFJobDefinitionDetail,JBDF,(BLOB),,
1741,06/07/2015 20:18:47,,06/07/2015 20:18:47,GS:MBUS,,JBDFJobOverrideDetail,JBOV,(BLOB),,
1742,03/09/2015 19:38:12,,03/09/2015 19:38:12,GS:MBUS,,DCDFDocumentAssignment,DCAS,(BLOB),,
1743,06/07/2015 20:19:04,,06/07/2015 20:19:04,GS:MBUS,,VHDFIssuePricePoint,ISPT,(BLOB),,
1744,03/09/2015 19:38:19,,03/09/2015 19:38:19,GS:MBUS,,DCDFDocumentGroupParticipant,DCGP,(BLOB),,
1745,03/09/2015 19:38:18,,03/09/2015 19:38:18,GS:MBUS,,DCGRDocumentGroup,DCGR,(BLOB),,
1749,26/08/2015 20:48:10,,26/08/2015 20:48:10,GS:MBUS,,CSFRCurveSurfaceDerivationFormula,CSFR,(BLOB),,
1750,26/08/2015 20:48:10,,26/08/2015 20:48:10,GS:MBUS,,CSFRCurveSurfaceDerivFormulaParameter,CSFP,(BLOB),,
1751,26/08/2015 20:48:11,,26/08/2015 20:48:11,GS:MBUS,,IPGRCurveSurfaceDerivFormulaParameter,CSFP,(BLOB),,
1752,26/08/2015 20:48:11,,26/08/2015 20:48:11,GS:MBUS,,ISPTCurveSurfaceDerivFormulaParameter,CSFP,(BLOB),,
1753,26/08/2015 20:48:12,,26/08/2015 20:48:12,GS:MBUS,,CSFRCurveSurfaceDerivationProcess,CSDP,(BLOB),,
1754,26/08/2015 20:48:12,,26/08/2015 20:48:12,GS:MBUS,,CSDPCurveSurfDerivProcIssuePntJobRole,CSJR,(BLOB),,
1755,26/08/2015 20:48:13,,26/08/2015 20:48:13,GS:MBUS,,ISJDCurveSurfDerivProcIssuePntJobRole,CSJR,(BLOB),,
1756,26/08/2015 20:48:13,,26/08/2015 20:48:13,GS:MBUS,,CSDPCurveSurfDerivProcIssuePrcPntRole,CSPR,(BLOB),,
1757,26/08/2015 20:48:13,,02/05/2017 18:25:09,GS:MBUS,,IPGRCurveSurfDerivProcIssuePrcPntRole,CSPR,(BLOB),,
1758,26/08/2015 20:48:14,,02/05/2017 18:25:10,GS:MBUS,,ISPTCurveSurfDerivProcIssuePrcPntRole,CSPR,(BLOB),,
1759,01/10/2015 01:11:48,,21/04/2017 10:26:58,GS:DM:MBUS:CONNECT,,ISSUIssueHighQltyLiquidityAssetDetails,ISHQ,(BLOB),,
1760,12/09/2015 00:27:13,,12/09/2015 00:27:13,GS:MBUS,,PRVIPriceValidInstructnsAdditinlDetails,PRVA,(BLOB),,
1761,01/10/2015 01:11:45,,01/10/2015 01:11:45,GS:DM:MBUS:CONNECT,,MTRXMatrixGridDetails,MTGD,(BLOB),,
1762,01/10/2015 01:11:43,,01/10/2015 01:11:43,GS:DM:MBUS:CONNECT,,MTGDMatrixPointValue,MTXV,(BLOB),,
1763,01/10/2015 01:11:45,,01/10/2015 01:11:45,GS:DM:MBUS:CONNECT,,MTFCMatrixGridDetails,MTGD,(BLOB),,
1764,01/10/2015 01:11:46,,01/10/2015 01:11:46,GS:DM:MBUS:CONNECT,,ISSUMatrixGridDetails,MTGD,(BLOB),,
1765,01/10/2015 01:11:15,,01/10/2015 01:11:15,GS:DM:MBUS:CONNECT,,ISPTPriceValidationInstructions,PRVI,(BLOB),,
1766,01/10/2015 01:11:18,,01/10/2015 01:11:18,GS:DM:MBUS:CONNECT,,IPGRPriceValidationInstructions,PRVI,(BLOB),,
1767,01/10/2015 01:11:20,,01/10/2015 01:11:20,GS:DM:MBUS:CONNECT,,ISPCGoldenPriceConsolidatedStatus,GPCS,(BLOB),,
1770,01/10/2015 01:11:46,,01/10/2015 01:11:46,GS:DM:MBUS:CONNECT,,MTGDMatrixGridDetails,MTGD,(BLOB),,
1771,01/10/2015 01:11:47,,01/10/2015 01:11:47,GS:DM:MBUS:CONNECT,,MTFCMatrixFieldDomainValue,MTFC,(BLOB),,
1772,01/10/2015 01:11:11,,01/10/2015 01:11:11,GS:DM:MBUS:CONNECT,,ISPTIssuePriceValidation,ISPS,(BLOB),,
1773,01/10/2015 01:11:12,,01/10/2015 01:11:12,GS:DM:MBUS:CONNECT,,PPEDPriceValidationInstructions,PRVI,(BLOB),,
1774,12/10/2015 20:39:18,,12/10/2015 20:39:18,GS:MBUS,,ISPCIssuePricePoint,ISPT,(BLOB),,
1775,12/10/2015 20:39:19,,12/10/2015 20:39:19,GS:MBUS,,MTRXIssuePricePointGroup,IPGR,(BLOB),,
1779,07/06/2016 12:57:30,,07/06/2016 12:57:30,GS:MBUS,,FNCHFundFeeRateTier,FFRT,(BLOB),,
1780,21/10/2015 19:02:23,,21/10/2015 19:02:23,GS:MBUS,,GPCSGoldenPriceConsolidatedStatus,GPCS,(BLOB),,
1781,21/10/2015 19:02:20,,21/10/2015 19:02:20,GS:MBUS,,ISPTIssuePrice,ISPC,(BLOB),,
1782,23/10/2015 19:24:19,,23/10/2015 19:24:19,GS:MBUS,,ISPTIssuePricePointGroupParticipant,IPGP,(BLOB),,
1783,23/10/2015 19:24:20,,23/10/2015 19:24:20,GS:MBUS,,IPGRIssuePricePointGroup,IPGR,(BLOB),,
1784,07/04/2016 23:46:37,,07/04/2016 23:46:37,GS:DM:MBUS,,FINSFinsIssuerRelationship,FNIR,(BLOB),,
1785,07/04/2016 23:46:37,,07/04/2016 23:46:37,GS:DM:MBUS,,ISSRFinsIssuerRelationship,FNIR,(BLOB),,
1790,14/12/2015 17:15:50,,14/12/2015 17:15:50,GS:MBUS,,STFDSettlementTimeFrameDefinition,STFD,(BLOB),,
1791,14/12/2015 17:15:46,,14/12/2015 17:15:46,GS:MBUS,,SLOCStandardSettlementInstruction,SSIS,(BLOB),,
1793,02/03/2016 02:46:13,,02/03/2016 02:46:13,GS:DM:MBUS,,SNPCSnpCompanyCrossReference,SNPC,(BLOB),,
1794,29/02/2016 20:56:05,,29/02/2016 20:56:05,GS:MBUS,,SPRTSNPRatingsDataQualifier,SPRQ,(BLOB),,
1795,29/02/2016 20:56:07,,29/02/2016 20:56:07,GS:MBUS,,SPADSNPAssessmentDataQualifier,SPAQ,(BLOB),,
1796,29/02/2016 20:56:07,,29/02/2016 20:56:07,GS:MBUS,,SPRTSNPRatingsDataDetails,SPRT,(BLOB),,
1797,29/02/2016 20:56:08,,29/02/2016 20:56:08,GS:MBUS,,SPADSNPAssessmentDataDetails,SPAD,(BLOB),,
1798,07/04/2016 23:46:35,,07/04/2016 23:46:35,GS:DM:MBUS,,FFRLGeneralTableComment,GNCM,(BLOB),,
1799,07/04/2016 23:47:25,,07/04/2016 23:47:25,GS:DM:MBUS,,IRRLGeneralTableComment,GNCM,(BLOB),,
1802,11/07/2016 12:33:39,,11/07/2016 12:33:39,GS:DM:MBUS,,PRVIPriceValidationMatchKey,PRMK,(BLOB),,
1803,23/06/2016 13:08:17,,23/06/2016 13:08:17,GS:DM:MBUS,,IAPRIssueActionGeographicUnit,IAGU,(BLOB),,
1816,15/07/2016 16:51:26,,15/07/2016 16:51:26,GS:MBUS,,PCRLPricingRules,PCRL,(BLOB),,
1817,15/07/2016 16:51:27,,15/07/2016 16:51:27,GS:MBUS,,PCRLPricingRulesParameter,PCRP,(BLOB),,
1818,15/07/2016 16:51:28,,15/07/2016 16:51:28,GS:MBUS,,PCRPPricingRulesParameterValue,PCRV,(BLOB),,
1819,15/07/2016 16:51:29,,15/07/2016 16:51:29,GS:MBUS,,PRVIPricingRulesParameterValue,PCRV,(BLOB),,
1820,16/08/2016 12:24:03,,16/08/2016 12:24:03,GS:MBUS,,AOFDAttributeofInterestLogDetails,AOIL,(BLOB),,
1823,28/09/2016 17:51:00,,28/09/2016 17:51:00,GS:MBUS,,DCDFIssueDocument,ISDC,(BLOB),,
1824,28/09/2016 17:51:02,,28/09/2016 17:51:02,GS:MBUS,,FINSFinancialServicesProfessional,FPRO,(BLOB),,
1845,28/10/2016 13:35:35,,28/10/2016 13:35:35,GS:MBUS,,PPDCPropertyDocument,PPDC,(BLOB),,
1846,28/10/2016 13:35:37,,28/10/2016 13:35:37,GS:MBUS,,PPDCPropertyDocumentHistory,PPDH,(BLOB),,
1858,09/01/2017 19:12:29,,09/01/2017 19:12:29,GS:DM:MBUS,,ISIDIssueHighQltyLiquidityAssetDetails,ISHQ,(BLOB),,
1859,09/01/2017 19:12:33,,06/04/2018 15:55:04,GS:DM:MBUS,,MRKTIssueHighQltyLiquidityAssetDetails,ISHQ,(BLOB),,
1860,09/01/2017 19:12:30,,06/04/2018 15:55:04,GS:DM:MBUS,,DWDFIssueHighQltyLiquidityAssetDetails,ISHQ,(BLOB),,
1867,12/12/2016 15:22:10,,12/12/2016 15:22:10,GS:DM:MBUS,,SPENSNPRatingsEntity,SPEN,(BLOB),,
1868,12/12/2016 15:22:12,,12/12/2016 15:22:12,GS:DM:MBUS,,SPENSNPRatingsEntityData,SPED,(BLOB),,
1869,12/12/2016 15:22:13,,12/12/2016 15:22:13,GS:DM:MBUS,,SPRISNPRatingsInstrument,SPRI,(BLOB),,
1870,12/12/2016 15:22:13,,12/12/2016 15:22:13,GS:DM:MBUS,,SPRISNPRatingsInstrumentData,SPID,(BLOB),,
1871,12/12/2016 15:22:14,,12/12/2016 15:22:14,GS:DM:MBUS,,SNPRSNPRatingsSecurityData,SPSD,(BLOB),,
1881,14/12/2016 12:31:41,,02/05/2017 18:25:10,GS:MBUS,,ISSUIndividualLoanMortgageStatistics,LMIS,(BLOB),,
1884,21/12/2016 11:35:19,,21/12/2016 11:35:19,GS:MBUS,,ISSUIssueAssessments,ISAS,(BLOB),,
1887,24/01/2017 17:57:38,,24/01/2017 17:57:38,GS:DM:MBUS,,MKISMarketIssueMarketIdentifierCrossRef,MMXR,(BLOB),,
1889,05/01/2017 12:53:11,,05/01/2017 12:53:11,GS:DM:MBUS,,ISSUDataSourceBillingInformation,DSBI,(BLOB),,
1890,09/01/2017 19:12:34,,09/01/2017 19:12:34,GS:DM:MBUS,,PPEDIssueHighQltyLiquidityAssetDetails,ISHQ,(BLOB),,
1892,09/01/2017 19:13:01,,09/01/2017 19:13:01,GS:DM:MBUS,,IATYConsolidationBasis,CNBS,(BLOB),,
1893,09/01/2017 19:13:02,,09/01/2017 19:13:02,GS:DM:MBUS,,IATYDuplicateIAInclusionCriteria,DPIR,(BLOB),,
1897,18/01/2017 12:27:06,,18/01/2017 12:27:06,GS:MBUS,,ISSUPricingPreference,PCPF,(BLOB),,
1906,05/07/2017 18:31:22,,05/07/2017 18:31:22,GS:MBUS,,RGCHRegulatoryExemption,RGEX,(BLOB),,
1908,05/07/2017 18:31:24,,05/07/2017 18:31:24,GS:MBUS,,GUNTRegulatoryExemption,RGEX,(BLOB),,
1909,05/07/2017 18:31:26,,05/07/2017 18:31:26,GS:MBUS,,ISTYThresholdTier,THRT,(BLOB),,
1910,05/07/2017 18:31:30,,05/07/2017 18:31:30,GS:MBUS,,ITGRThresholdTier,THRT,(BLOB),,
1911,05/07/2017 18:31:33,,05/07/2017 18:31:33,GS:MBUS,,ISGRThresholdTier,THRT,(BLOB),,
1912,05/07/2017 18:31:37,,05/07/2017 18:31:37,GS:MBUS,,ISSUThresholdTier,THRT,(BLOB),,
1913,05/07/2017 18:31:41,,05/07/2017 18:31:41,GS:MBUS,,INCLThresholdTier,THRT,(BLOB),,
1914,05/07/2017 18:31:45,,05/07/2017 18:31:45,GS:MBUS,,GUNTThresholdTier,THRT,(BLOB),,
1915,20/02/2017 17:11:06,,20/02/2017 17:11:06,GS:MBUS,,ISIDStandardSettlementInstruction,SSIS,(BLOB),,
1916,20/02/2017 17:11:05,,20/02/2017 17:11:05,GS:MBUS,,GPCSMatrixDefinitionInstancePriceStatus,MTDP,(BLOB),,
1920,03/03/2017 14:52:59,,03/03/2017 14:52:59,GS:MBUS,,MTRXMatrixDefinitionInstance, MTDI,(BLOB),,
1921,05/07/2017 18:31:54,,05/07/2017 18:31:54,GS:MBUS,,EXTRExecutedTransactionAgents,ETAG,(BLOB),,
1922,03/03/2017 14:52:59,,03/03/2017 14:52:59,GS:MBUS,,MTDIMatrixGridDetails,MTGD,(BLOB),,
1923,03/03/2017 14:53:00,,03/03/2017 14:53:00,GS:MBUS,,MTDIMatrixDefinitionInstance,MTDI,(BLOB),,
1927,27/03/2017 16:13:53,,27/03/2017 16:13:53,GS:MBUS,,FINSCompanyMarketCapitalization,CMMC,(BLOB),,
1928,27/03/2017 16:13:55,,27/03/2017 16:13:55,GS:MBUS,,ISSRCompanyMarketCapitalization,CMMC,(BLOB),,
1929,17/04/2017 15:12:07,,17/04/2017 15:12:07,GS:DM:MBUS,,ISRTRatingOpinions,RTOP,(BLOB),,
1931,02/05/2017 17:50:15,,02/05/2017 17:50:15,GS:MBUS,,ISSUExecutedTransaction,EXTR,(BLOB),,
1932,02/05/2017 17:50:11,,02/05/2017 17:50:11,GS:MBUS,,FLDFInternalDomainValue,IDMV,(BLOB),,
1933,02/05/2017 17:50:13,,02/05/2017 17:50:13,GS:MBUS,,FCDFInternalDomainValue,IDMV,(BLOB),,
1934,17/05/2017 17:31:32,,17/05/2017 17:31:32,GS:MBUS,,ISSUIssuePriceTransactionData,IPTD,(BLOB),,
1935,17/05/2017 17:31:27,,17/05/2017 17:31:27,GS:MBUS,,MRKTIssuePriceTransactionData,IPTD,(BLOB),,
1936,17/05/2017 17:31:30,,17/05/2017 17:31:30,GS:MBUS,,PPEDIssuePriceTransactionData,IPTD,(BLOB),,
1937,17/05/2017 17:31:25,,17/05/2017 17:31:25,GS:MBUS,,ISPCIssuePriceTransactionData,IPTD,(BLOB),,
1942,06/10/2017 12:58:26,,06/10/2017 12:58:26,GS:MBUS,,ACCTProductAccountRole,PACR,(BLOB),,
1943,06/10/2017 12:58:27,,06/10/2017 12:58:27,GS:MBUS,,PRODProductAccountRole,PACR,(BLOB),,
1944,05/07/2017 18:32:32,,05/07/2017 18:32:32,GS:MBUS,,DWDFRegulatoryProcessAuditDetails,RPAD,(BLOB),,
1945,05/07/2017 18:32:37,,05/07/2017 18:32:37,GS:MBUS,,RPADRegulatoryProcessRuleAuditDetails,RPRA,(BLOB),,
1963,05/07/2017 18:32:43,,05/07/2017 18:32:43,GS:MBUS,,EXTRExecutedTransactionFlagDetails,ETFD,(BLOB),,
1964,05/07/2017 18:32:48,,05/07/2017 18:32:48,GS:MBUS,,RGATExecutedTransactionFlagDetails,ETFD,(BLOB),,
1969,17/05/2017 17:29:09,,17/05/2017 17:29:09,GS:MBUS,,MTDIPriceDerivation,PDRV,(BLOB),,
1970,17/05/2017 17:29:17,,17/05/2017 17:29:17,GS:MBUS,,ISSUPriceDerivation,PDRV,(BLOB),,
1971,17/05/2017 17:29:24,,17/05/2017 17:29:24,GS:MBUS,,PPEDPriceDerivation,PDRV,(BLOB),,
1972,17/05/2017 17:29:32,,17/05/2017 17:29:32,GS:MBUS,,MRKTPriceDerivation,PDRV,(BLOB),,
1973,17/05/2017 17:30:24,,17/05/2017 17:30:24,GS:MBUS,,PDRVPriceDerivationParticipant,PDRP,(BLOB),,
1974,17/05/2017 17:30:31,,17/05/2017 17:30:31,GS:MBUS,,MTDIPriceDerivationParticipant,PDRP,(BLOB),,
1975,17/05/2017 17:30:37,,17/05/2017 17:30:37,GS:MBUS,,ISSUPriceDerivationParticipant,PDRP,(BLOB),,
1976,17/05/2017 17:30:44,,17/05/2017 17:30:44,GS:MBUS,,PPEDPriceDerivationParticipant,PDRP,(BLOB),,
1977,17/05/2017 17:30:51,,17/05/2017 17:30:51,GS:MBUS,,MRKTPriceDerivationParticipant,PDRP,(BLOB),,
1983,28/09/2017 14:18:43,,28/09/2017 14:18:43,GS:MBUS,,APLBApplicationLibrary,APLB,(BLOB),,
1984,28/10/2017 11:43:40,,28/10/2017 11:43:40,GS:MBUS,,APLBApplicationImplementation,APIM,(BLOB),,
1986,28/09/2017 14:18:44,,28/09/2017 14:18:44,GS:MBUS,,APIMSoftwareRoutine,SWRT,(BLOB),,
1987,28/10/2017 11:43:35,,28/10/2017 11:43:35,GS:MBUS,,SWRTApplicationParameter,APRM,(BLOB),,
1988,28/09/2017 14:18:45,,28/09/2017 14:18:45,GS:MBUS,,SWRTPricingModelUsage,PMUS,(BLOB),,
1989,28/09/2017 14:18:46,,28/09/2017 14:18:46,GS:MBUS,,ISTYPricingModelUsage,PMUS,(BLOB),,
1990,28/09/2017 14:18:47,,28/09/2017 14:18:47,GS:MBUS,,ITGRPricingModelUsage,PMUS,(BLOB),,
1991,28/09/2017 14:18:48,,28/09/2017 14:18:48,GS:MBUS,,ISGRPricingModelUsage,PMUS,(BLOB),,
1992,28/09/2017 14:18:49,,28/09/2017 14:18:49,GS:MBUS,,ISSUPricingModelUsage,PMUS,(BLOB),,
1998,28/09/2017 14:18:50,,28/09/2017 14:18:50,GS:MBUS,,APRMApplicationParameterValue,APRV,(BLOB),,
2004,05/07/2017 18:29:43,,05/07/2017 18:29:43,GS:MBUS,,DWDFBusinessRuleProcessingActionSequence,BRPA,(BLOB),,
2010,05/07/2017 18:32:52,,05/07/2017 18:32:52,GS:MBUS,,RCFGReportConfiguration,RCFG,(BLOB),,
2161,28/09/2017 14:18:52,,28/09/2017 14:18:52,GS:MBUS,,APLBPricingModelUsage,PMUS,(BLOB),,
2162,28/09/2017 14:18:53,,28/09/2017 14:18:53,GS:MBUS,,APDFPricingModelUsage,PMUS,(BLOB),,
2163,28/09/2017 14:18:54,,28/09/2017 14:18:54,GS:MBUS,,PMUSApplicationParameterValue,APRV,(BLOB),,
2164,28/09/2017 14:18:55,,28/09/2017 14:18:55,GS:MBUS,,MTDIApplicationParameterValue,APRV,(BLOB),,
2165,28/09/2017 14:18:56,,28/09/2017 14:18:56,GS:MBUS,,PMUSPricingModelUsage,PMUS,(BLOB),,
3001,05/07/2017 18:32:57,,05/07/2017 18:32:57,GS:MBUS,,DWDFReportConfigurationAction,RCFA,(BLOB),,
3003,20/12/2017 11:55:32,,20/12/2017 11:55:32,GS:DM:MBUS,,BDEFBusinessRuleProcessingActionSequence,BRPA,(BLOB),,
3005,20/12/2017 11:55:32,,20/12/2017 11:55:32,GS:DM:MBUS,,BERCBusinessRuleProcessingActionSequence,BRPA,(BLOB),,
3026,20/12/2017 11:55:33,,20/12/2017 11:55:33,GS:MBUS,,ISSUIssueRegulatoryValues,ISRV,(BLOB),,
3027,20/12/2017 11:55:34,,20/12/2017 11:55:34,GS:MBUS,,RGATIssueRegulatoryValues,ISRV,(BLOB),,
3028,20/12/2017 11:55:35,,20/12/2017 11:55:35,GS:MBUS,,GUNTIssueRegulatoryValues,ISRV,(BLOB),,
3029,20/12/2017 11:55:37,,20/12/2017 11:55:37,GS:MBUS,,ISSUIssueThresholdValues,ISTV,(BLOB),,
3032,20/12/2017 11:55:45,,20/12/2017 11:55:45,GS:MBUS,,THRTIssueThresholdValues,ISTV,(BLOB),,
3033,20/12/2017 11:55:49,,20/12/2017 11:55:49,GS:MBUS,,RGATIssueStandardStatistics,ISSS,(BLOB),,
3040,30/08/2017 20:10:36,,30/08/2017 20:10:36,GS:MBUS,,MTDIMatrixDefInstanceCompositeCurve,MTDC,(BLOB),,
3041,30/08/2017 20:19:13,,30/08/2017 20:19:13,GS:DM:MBUS,,STDFBalanceHistoryStatistic,BHST,(BLOB),,
3042,30/08/2017 20:19:14,,30/08/2017 20:19:14,GS:DM:MBUS,,BALHBalanceHistoryStatistic,BHST,(BLOB),,
3046,30/08/2017 20:34:26,,30/08/2017 20:34:26,GS:MBUS,,FINSFinancialInstitutionStatus,FSTA,(BLOB),,
3047,30/08/2017 20:32:31,,30/08/2017 20:32:31,GS:MBUS,,EXTRExecutedTransactionEvent,ETEV,(BLOB),,
3049,04/09/2017 14:01:03,,04/09/2017 14:01:03,GS:MBUS,,IADCIssueActionOptionbyDataSource,IAOD,(BLOB),,
3050,20/12/2017 11:55:50,,20/12/2017 11:55:50,GS:MBUS,,BRPABusinessRuleProcessingActionSequence,BRPA,(BLOB),,
3051,12/03/2018 15:04:23,,12/03/2018 15:04:23,GS:MBUS,,RCGRReportConfigurationGroup,RCGR,(BLOB),,
3052,12/03/2018 15:04:24,,12/03/2018 15:04:24,GS:MBUS,,RCGRReportConfiguration,RCFG,(BLOB),,
3053,12/03/2018 15:04:24,,12/03/2018 15:04:24,GS:MBUS,,RCGRReportConfigurationAction,RCFA,(BLOB),,
3054,06/10/2017 12:56:48,,06/10/2017 12:56:48,GS:MBUS,,ENTREnterpriseLicenceDetails,ENLI,(BLOB),,
3055,06/10/2017 12:56:48,,06/10/2017 12:56:48,GS:MBUS,,LICDEnterpriseLicenceDetails,ENLI,(BLOB),,
3056,06/10/2017 12:56:49,,06/10/2017 12:56:49,GS:MBUS,,ENTREnterpriseVendorDataRequest,ENVR,(BLOB),,
3057,06/10/2017 12:56:50,,06/10/2017 12:56:50,GS:MBUS,,ISTYEnterpriseVendorDataRequest,ENVR,(BLOB),,
3058,06/10/2017 12:56:51,,06/10/2017 12:56:51,GS:MBUS,,JBLGEnterpriseVendorDataRequest,ENVR,(BLOB),,
3059,06/10/2017 12:56:52,,06/10/2017 12:56:52,GS:MBUS,,ENVREnterpriseConsolidatedVendorDataReq,ENVC,(BLOB),,
3060,06/10/2017 12:56:54,,06/10/2017 12:56:54,GS:MBUS,,ENTREnterpriseConsolidatedVendorDataReq,ENVC,(BLOB),,
3061,06/10/2017 12:56:56,,06/10/2017 12:56:56,GS:MBUS,,JBLGEnterpriseConsolidatedVendorDataReq,ENVC,(BLOB),,
3062,06/10/2017 12:56:57,,06/10/2017 12:56:57,GS:MBUS,,ENTREnterpriseVendorDataRQSTIdentifrDtl,ENVI,(BLOB),,
3063,06/10/2017 12:56:58,,06/10/2017 12:56:58,GS:MBUS,,ISTYEnterpriseVendorDataRQSTIdentifrDtl,ENVI,(BLOB),,
3064,06/10/2017 12:56:59,,06/10/2017 12:56:59,GS:MBUS,,JBLGEnterpriseVendorDataRQSTIdentifrDtl,ENVI,(BLOB),,
3065,06/10/2017 12:57:00,,06/10/2017 12:57:00,GS:MBUS,,ENTRIdentifierCrossReferenceDetails,IDCR,(BLOB),,
3066,06/10/2017 12:57:02,,06/10/2017 12:57:02,GS:MBUS,,ENTREnterpriseFieldofInterest,EFOI,(BLOB),,
3067,06/10/2017 12:57:03,,06/10/2017 12:57:03,GS:MBUS,,EFLDEnterpriseFieldofInterest,EFOI,(BLOB),,
3068,06/10/2017 12:57:04,,06/10/2017 12:57:04,GS:MBUS,,ISTYEnterpriseFieldofInterest,EFOI,(BLOB),,
3069,12/10/2017 13:27:02,,12/10/2017 13:27:02,GS:MBUS,,EXTREmployeeExecutedTransactionRole,EETR,(BLOB),,
3070,04/09/2017 14:01:04,,04/09/2017 14:01:04,GS:MBUS,,PRODProductClassification,PRCL,(BLOB),,
3071,28/09/2017 14:18:57,,28/09/2017 14:18:57,GS:MBUS,,CADFApplicationParameterValue,APRV,(BLOB),,
3072,28/09/2017 14:18:59,,28/09/2017 14:18:59,GS:MBUS,,ISSUApplicationParameterValue,APRV,(BLOB),,
3073,06/10/2017 12:57:05,,06/10/2017 12:57:05,GS:MBUS,,ENVREnterpriseVendorDataRequest,ENVR,(BLOB),,
3074,06/10/2017 12:57:06,,06/10/2017 12:57:06,GS:MBUS,,LICDLicenceDetails,LICD,(BLOB),,
3075,06/10/2017 12:57:06,,06/10/2017 12:57:06,GS:MBUS,,ENLIEnterpriseLicenceDetails,ENLI,(BLOB),,
3076,06/10/2017 12:57:07,,06/10/2017 12:57:07,GS:MBUS,,IDCRIdentifierCrossReferenceDetails,IDCR,(BLOB),,
3077,20/09/2017 20:27:02,,20/09/2017 20:27:02,GS:MBUS,,IAODIssueActionOptionbyDataSource,IAOD,(BLOB),,
3078,12/03/2018 15:04:25,,12/03/2018 15:04:25,GS:MBUS,,RGATBalanceHistory,BALH,(BLOB),,
3079,12/03/2018 12:38:05,,12/03/2018 12:38:05,GS:MBUS,,BALHBalanceHistoryExecutedTrnParticipant,BHEX,(BLOB),,
3080,12/03/2018 12:38:07,,12/03/2018 12:38:07,GS:MBUS,,EXTRBalanceHistoryExecutedTrnParticipant,BHEX,(BLOB),,
3081,12/03/2018 12:38:07,,12/03/2018 12:38:07,GS:MBUS,,RGATRegulatoryRuleRequirement,RGRL,(BLOB),,
3082,12/03/2018 12:38:08,,12/03/2018 12:38:08,GS:MBUS,,RGRLRegulatoryRuleGeographicUnit,RGRG,(BLOB),,
3083,12/03/2018 12:38:10,,12/03/2018 12:38:10,GS:MBUS,,GUNTRegulatoryRuleGeographicUnit,RGRG,(BLOB),,
3091,20/12/2017 11:55:51,,20/12/2017 11:55:51,GS:MBUS,,BDEFReportConfigurationAction,RCFA,(BLOB),,
3092,06/10/2017 12:57:08,,09/10/2017 15:58:05,GS:MBUS,,EERLEnterpriseEnterpriseRole,EERL,(BLOB),,
3093,06/10/2017 12:58:37,,06/10/2017 12:58:37,GS:MBUS,,SRLESecurityRoleProfileParticipant,SRPP,(BLOB),,
3094,06/10/2017 12:58:24,,06/10/2017 12:58:24,GS:MBUS,,AGDCAgreementDocumentHistory,AGDH,(BLOB),,
3095,06/10/2017 12:58:23,,06/10/2017 12:58:23,GS:MBUS,,PRAGAgreementDocument,AGDC,(BLOB),,
3096,06/10/2017 12:58:28,,06/10/2017 12:58:28,GS:MBUS,,PRODProductGroup,PDGR,(BLOB),,
3097,06/10/2017 12:58:29,,06/10/2017 12:58:29,GS:MBUS,,PRODProductCalendarParticipant,PRCA,(BLOB),,
3098,06/10/2017 12:58:35,,06/10/2017 12:58:35,GS:MBUS,,PRODProductGeographicUnit,PRGU,(BLOB),,
3099,06/10/2017 12:58:30,,06/10/2017 12:58:30,GS:MBUS,,PRODProductDescription,PRDE,(BLOB),,
3100,06/10/2017 12:58:32,,06/10/2017 12:58:32,GS:MBUS,,PRODProductFeatureFeeSpecification,PRFS,(BLOB),,
3101,20/12/2017 11:55:51,,20/12/2017 11:55:51,GS:DM:MBUS,,TRDFTransactionName,TRNM,(BLOB),,
3102,12/03/2018 12:38:11,,12/03/2018 12:38:11,GS:MBUS,,RGATRegulatoryAuthTransactionDefRole,RGTD,(BLOB),,
3103,12/03/2018 12:38:12,,12/03/2018 12:38:12,GS:MBUS,,RGRLRegulatoryAuthTransactionDefRole,RGTD,(BLOB),,
3104,12/03/2018 12:38:13,,12/03/2018 12:38:13,GS:MBUS,,TRDFRegulatoryAuthTransactionDefRole,RGTD,(BLOB),,
3105,12/03/2018 12:38:14,,12/03/2018 12:38:14,GS:MBUS,,TRDFTransactionDefinitionClassification,TRDC,(BLOB),,
3106,12/03/2018 12:38:15,,12/03/2018 12:38:15,GS:MBUS,,INCSTransactionDefinitionClassification,TRDC,(BLOB),,
3107,12/03/2018 12:38:16,,12/03/2018 12:38:16,GS:MBUS,,INCLTransactionDefinitionClassification,TRDC,(BLOB),,
3109,12/03/2018 15:04:28,,12/03/2018 15:04:28,GS:MBUS,,NCDFTransactionName,TRNM,(BLOB),,
3110,17/11/2017 19:44:33,,17/11/2017 19:44:33,GS:MBUS,,SUBDRiskFactorGroup,RKFG,(BLOB),,
3111,17/11/2017 19:44:34,,17/11/2017 19:44:34,GS:MBUS,,RKFTRiskFactorGroupParticipant,RKFP,(BLOB),,
3112,17/11/2017 19:44:35,,17/11/2017 19:44:35,GS:MBUS,,RKFGRiskFactorGroupParticipant,RKFP,(BLOB),,
3113,17/11/2017 19:44:37,,17/11/2017 19:44:37,GS:MBUS,,ENTRRiskScenarioGroup,RKSG,(BLOB),,
3114,17/11/2017 19:44:38,,17/11/2017 19:44:38,GS:MBUS,,SUBDRiskScenarioGroup,RKSG,(BLOB),,
3115,17/11/2017 19:44:39,,17/11/2017 19:44:39,GS:MBUS,,RKSDRiskScenarioGroupParticipant,RKSP,(BLOB),,
3116,17/11/2017 19:44:40,,17/11/2017 19:44:40,GS:MBUS,,RKSGRiskScenarioGroupParticipant,RKSP,(BLOB),,
3118,12/03/2018 12:38:17,,12/03/2018 12:38:17,GS:MBUS,,RGATRegulatoryAuthorityIdentifier,RGID,(BLOB),,
3119,12/03/2018 12:38:17,,12/03/2018 12:38:17,GS:MBUS,,RGATRegulatorySanction,RGSC,(BLOB),,
3120,12/03/2018 12:38:19,,12/03/2018 12:38:19,GS:MBUS,,RGRLRegulatorySanction,RGSC,(BLOB),,
3121,12/03/2018 12:38:21,,12/03/2018 12:38:21,GS:MBUS,,ISSURegulatorySanction,RGSC,(BLOB),,
3122,12/03/2018 12:38:22,,12/03/2018 12:38:22,GS:MBUS,,FINSRegulatorySanction,RGSC,(BLOB),,
3124,12/03/2018 15:04:28,,12/03/2018 15:04:28,GS:MBUS,,AUORAuthorizedOrderStatus,AOST,(BLOB),,
3125,12/03/2018 12:38:24,,12/03/2018 12:38:24,GS:MBUS,,ACCTAccountDescription,ACDE,(BLOB),,
3126,12/03/2018 12:38:25,,12/03/2018 12:38:25,GS:MBUS,,DWDFDownstreamErrorDefinition,DWED,(BLOB),,
3127,27/10/2017 16:35:36,,27/10/2017 16:35:36,GS:MBUS,,EADRCustomerContactAssignment,CCTA,(BLOB),,
3128,27/10/2017 16:35:39,,27/10/2017 16:35:39,GS:MBUS,,MADRCustomerContactAssignment,CCTA,(BLOB),,
3129,12/03/2018 12:38:26,,12/03/2018 12:38:26,GS:MBUS,,STDFIncomePrincipalEventStatistic,IPST,(BLOB),,
3130,12/03/2018 12:38:27,,12/03/2018 12:38:27,GS:MBUS,,IEDFIncomePrincipalEventStatistic,IPST,(BLOB),,
3131,12/03/2018 12:38:28,,12/03/2018 12:38:28,GS:MBUS,,PEDFIncomePrincipalEventStatistic,IPST,(BLOB),,
3132,17/11/2017 19:44:27,,17/11/2017 19:44:27,GS:MBUS,,DCDFGeneralDocument,GDOC,(BLOB),,
3133,17/11/2017 19:44:28,,17/11/2017 19:44:28,GS:MBUS,,LAGRAgreementDocument,AGDC,(BLOB),,
3134,20/12/2017 11:55:52,,20/12/2017 11:55:52,GS:MBUS,,SSISStandardSettlementAssignment,SSIA,(BLOB),,
3135,12/03/2018 12:38:29,,12/03/2018 12:38:29,GS:MBUS,,STDFStandardSettlementInstructionStat,SSST,(BLOB),,
3136,12/03/2018 12:38:30,,12/03/2018 12:38:30,GS:MBUS,,SSISStandardSettlementInstructionStat,SSST,(BLOB),,
3137,12/03/2018 12:38:31,,12/03/2018 12:38:31,GS:MBUS,,SSIAStandardSettlementInstructionStat,SSST,(BLOB),,
3138,12/03/2018 12:38:32,,12/03/2018 12:38:32,GS:MBUS,,FPROFinancialServProfExecutedTransRole,FPTR,(BLOB),,
3139,12/03/2018 12:38:33,,12/03/2018 12:38:33,GS:MBUS,,EXTRFinancialServProfExecutedTransRole,FPTR,(BLOB),,
3140,20/12/2017 11:55:53,,20/12/2017 11:55:53,GS:MBUS,,INCSExternalIndustryClassification,EINC,(BLOB),,
3141,20/12/2017 11:55:54,,20/12/2017 11:55:54,GS:MBUS,,FINRIssuePrice,ISPC,(BLOB),,
3142,20/12/2017 11:55:57,,20/12/2017 11:55:57,GS:MBUS,,PPRYPropertyRating,PPRT,(BLOB),,
3143,20/12/2017 11:52:34,,20/12/2017 11:52:34,GS:MBUS,,CUSTCustomerRole,CURL,(BLOB),,
3144,20/12/2017 11:52:35,,20/12/2017 11:52:35,GS:MBUS,,GUNTCustomerRole,CURL,(BLOB),,
3145,20/12/2017 11:52:36,,20/12/2017 11:52:36,GS:MBUS,,GUNTCustomerStatus,CSTA,(BLOB),,
3146,20/12/2017 11:52:37,,20/12/2017 11:52:37,GS:MBUS,,CUSTCustomerStatus,CSTA,(BLOB),,
3147,20/12/2017 11:52:37,,20/12/2017 11:52:37,GS:MBUS,,RGATCustomerRole,CURL,(BLOB),,
3148,21/02/2018 14:11:23,,21/02/2018 14:11:23,GS:MBUS,,VRDFValueatRiskDefinition,VRDF,(BLOB),,
3149,21/02/2018 14:11:24,,21/02/2018 14:11:24,GS:MBUS,,RICSRiskIssueConsolidatedScore,RICS,(BLOB),,
3150,21/02/2018 14:11:26,,21/02/2018 14:11:26,GS:MBUS,,ISSURiskIssueConsolidatedScore,RICS,(BLOB),,
3151,21/02/2018 14:11:28,,21/02/2018 14:11:28,GS:MBUS,,MRKTRiskIssueConsolidatedScore,RICS,(BLOB),,
3729,25/10/2020 02:33:10,,25/10/2020 02:33:10,GS:MBUS,,COMTAddressInstance,ADIN,(BLOB),,
3730,25/10/2020 02:33:10,,25/10/2020 02:33:10,GS:MBUS,,IAPAAddressInstance,ADIN,(BLOB),,
3737,25/10/2020 02:12:21,,25/10/2020 02:12:21,GS:MBUS,,LEDFDebtInstrumentCharacteristics,BDCH,(BLOB),,
3738,25/10/2020 02:12:29,,25/10/2020 02:12:29,GS:MBUS,,LEDFDebtInstrumentStatistics,BDST,(BLOB),,
3750,08/12/2020 15:54:48,,08/12/2020 15:54:48,GS:MBUS,,LEDFLegDescription,LEDE,(BLOB),,
3751,08/12/2020 15:54:49,,08/12/2020 15:54:49,GS:MBUS,,NCDFLegDescription,LEDE,(BLOB),,
3752,08/12/2020 15:56:35,,08/12/2020 15:56:35,GS:MBUS,,STDFNLSNameandDescription,NLNM,(BLOB),,
3755,08/12/2020 15:28:46,,08/12/2020 15:28:46,GS:MBUS,,LEDFRelatedIssueDefinition,RIDF,(BLOB),,
8365671,28/09/2021 09:01:42,,28/09/2021 09:01:42,AUTO,,SectAssetAlloc2,SAA2,(BLOB),,
3615,08/04/2022 14:41:44,,08/04/2022 14:41:44,GS:MBUS,,FINSFinsRegulatoryCharacteristics,FRGC,(BLOB),,
3895,08/04/2022 12:16:57,,08/04/2022 12:16:57,GS:MBUS,,RGATFinsRegulatoryCharacteristics,FRGC,(BLOB),,
3507,11/04/2019 20:16:45,,11/04/2019 20:16:45,GS:MBUS,,BFRTBusinessFeedHeaderAttribute,BFHA,(BLOB),,
3508,11/04/2019 20:16:45,,11/04/2019 20:16:45,GS:MBUS,,VSFDBusinessFeedHeaderAttribute,BFHA,(BLOB),,
3510,02/07/2019 14:17:26,,02/07/2019 14:17:26,GS:MBUS,,IADCIssueActionLegalAgreementRole,IALR,(BLOB),,
3511,02/07/2019 14:17:27,,02/07/2019 14:17:27,GS:MBUS,,LAGRIssueActionLegalAgreementRole,IALR,(BLOB),,
3512,02/07/2019 14:17:29,,02/07/2019 14:17:29,GS:MBUS,,IADCIssueActionInstrumentFieldChange,IAIC,(BLOB),,
3513,12/07/2019 15:25:31,,12/07/2019 15:25:31,GS:MBUS,,ISTYIssueTypeRiskAttribute,IYRA,(BLOB),,
3514,12/07/2019 15:25:33,,12/07/2019 15:25:33,GS:MBUS,,ISTYIssueTypeRiskFactorType,IYRF,(BLOB),,
3515,12/07/2019 15:25:51,,12/07/2019 15:25:51,GS:MBUS,,LAAPLegalAgreementAnnexParticipantRating,LPRT,(BLOB),,
3516,07/08/2019 17:26:52,,07/08/2019 17:26:52,GS:MBUS,,ISIDIssuePriceAttribute,ISPA,(BLOB),,
3517,07/08/2019 17:26:54,,07/08/2019 17:26:54,GS:MBUS,,ISIDIssuePriceHistory,ISPH,(BLOB),,
3523,23/08/2019 20:02:50,,23/08/2019 20:02:50,GS:MBUS,,VDSEViewDiscreteScheduleExecutionDue,VDSE,(BLOB),,
3524,23/08/2019 20:02:51,,23/08/2019 20:02:51,GS:MBUS,,VDSEIssueActionDiscreteSchedule,IADS,(BLOB),,
3526,28/08/2019 11:32:10,,28/08/2019 11:32:10,GS:MBUS,,ISPAPriceReconcilation,PRCN,(BLOB),,
3527,16/09/2019 11:40:20,,16/09/2019 11:40:20,GS:MBUS,,ISSUPriceValidationInstructions,PRVI,(BLOB),,
3528,16/09/2019 11:44:28,,16/09/2019 11:44:28,GS:MBUS,,PRCNPriceReconcilation,PRCN,(BLOB),,
3531,24/10/2019 15:16:34,,24/10/2019 15:16:34,GS:MBUS,,IDGRIDContextCfgGroupParticipant,IDGP,(BLOB),,
3532,24/10/2019 15:16:35,,24/10/2019 15:16:35,GS:MBUS,,ERGCEntityMatchingRuleGroupConfigPart,ERGP,(BLOB),,
3533,24/10/2019 15:16:37,,24/10/2019 15:16:37,GS:MBUS,,ERGCEntityMatchingRuleGroupResultConfig,EGRC,(BLOB),,
3534,24/10/2019 15:16:38,,24/10/2019 15:16:38,GS:MBUS,,EGRCEntityMatchingRuleGrpResultCfgPart,EGRP,(BLOB),,
3535,24/10/2019 15:16:39,,24/10/2019 15:16:39,GS:MBUS,,ERGCEntityMatchingRuleExecutionLog,EGRL,(BLOB),,
3536,04/10/2019 11:26:51,,04/10/2019 11:26:51,GS:MBUS,,RKFGRiskFactorGroup,RKFG,(BLOB),,
3537,04/10/2019 11:26:52,,04/10/2019 11:26:52,GS:MBUS,,RKSDRiskScenarioDefinition,RKSD,(BLOB),,
3538,24/10/2019 15:16:42,,24/10/2019 15:16:42,GS:MBUS,,ESEQEntityMatchingStringEquivalence,ESEQ,(BLOB),,
3539,04/10/2019 11:26:55,,04/10/2019 11:26:55,GS:MBUS,,RKSGRiskScenarioGroup,RKSG,(BLOB),,
3540,04/10/2019 11:26:56,,04/10/2019 11:26:56,GS:MBUS,,RKSDRiskWeight,RKWT,(BLOB),,
3541,04/10/2019 11:26:59,,04/10/2019 11:26:59,GS:MBUS,,RKFTRiskWeight,RKWT,(BLOB),,
3542,04/10/2019 11:27:03,,04/10/2019 11:27:03,GS:MBUS,,RKFGRiskWeight,RKWT,(BLOB),,
3543,04/10/2019 11:32:22,,04/10/2019 11:32:22,GS:MBUS,,LACDLegalAgreementAnnexParticipantRating,LPRT,(BLOB),,
3544,04/10/2019 11:32:26,,04/10/2019 11:32:26,GS:MBUS,,RTNGLegalAgreementAnnexParticipantRating,LPRT,(BLOB),,
3545,04/10/2019 11:32:29,,04/10/2019 11:32:29,GS:MBUS,,RTVLLegalAgreementAnnexParticipantRating,LPRT,(BLOB),,
3546,04/10/2019 11:32:32,,04/10/2019 11:32:32,GS:MBUS,,ERVLLegalAgreementAnnexParticipantRating,LPRT,(BLOB),,
3547,24/10/2019 15:16:40,,24/10/2019 15:16:40,GS:MBUS,,ERGCEntityMatchingRuleGroupConfiguration,ERGC,(BLOB),,
3548,24/10/2019 15:16:41,,24/10/2019 15:16:41,GS:MBUS,,IDGRIDContextConfigurationGroup,IDGR,(BLOB),,
3552,03/12/2019 01:22:07,,03/12/2019 01:22:07,GS:MBUS,,AGTRAggregatedTransactions,AGTR,(BLOB),,
3553,20/12/2019 18:09:31,,20/12/2019 18:09:31,GS:MBUS,,TNLETenorLength,TNLE,(BLOB),,
3799,03/03/2021 16:13:26,,03/03/2021 16:13:26,GS:MBUS,,VSOMViewSWIFTOutboundMessageLink,VSOM,(BLOB),,
3800,03/03/2021 16:13:26,,03/03/2021 16:13:26,GS:MBUS,,VSOMGeneralTableComment,GNCM,(BLOB),,
3807,28/04/2021 18:50:23,,28/04/2021 18:50:23,GS:MBUS,,CUSTCustomerScore,CUSO,(BLOB),,
3833,21/07/2021 15:58:37,,21/07/2021 15:58:37,GS:MBUS,,IACEIssueActionOfferDetails,IAOF,(BLOB),,
3834,21/07/2021 15:58:41,,21/07/2021 15:58:41,GS:MBUS,,IAESIssueActionOfferDetails,IAOF,(BLOB),,
3843,21/07/2021 16:05:59,,21/07/2021 16:05:59,GS:MBUS,,IADCIssueActionCreditEventDetails,IACE,(BLOB),,
3846,19/08/2021 15:18:22,,19/08/2021 15:18:22,GS:MBUS,,COMTCompanyMeetingVoteType,COMY,(BLOB),,
3847,19/08/2021 15:18:23,,19/08/2021 15:18:23,GS:MBUS,,COMTCompanyMeetingDescription,COMD,(BLOB),,
3848,19/08/2021 15:18:24,,19/08/2021 15:18:24,GS:MBUS,,COMACompanyMeetingDescription,COMD,(BLOB),,
3677,16/07/2020 01:03:56,,16/07/2020 01:03:56,GS:MBUS,,ISSUInvestmentSuitability,INVS,(BLOB),,
3683,16/07/2020 01:15:45,,16/07/2020 01:15:45,GS:MBUS,,VRCTVendorRequestConfigurationDetails,VRCD,(BLOB),,
3684,16/07/2020 01:15:46,,16/07/2020 01:15:46,GS:MBUS,,ISSUVendorRequestConfigurationDetails,VRCD,(BLOB),,
3685,16/07/2020 01:15:46,,16/07/2020 01:15:46,GS:MBUS,,ISGRVendorRequestConfigurationDetails,VRCD,(BLOB),,
3686,16/07/2020 01:15:47,,16/07/2020 01:15:47,GS:MBUS,,MRKTVendorRequestConfigurationDetails,VRCD,(BLOB),,
3687,16/07/2020 01:15:48,,16/07/2020 01:15:48,GS:MBUS,,VRCTVendorRequestConfigurationType,VRCT,(BLOB),,
3703,11/08/2020 19:44:03,,11/08/2020 19:44:03,GS:MBUS,,THRTThresholdTierIdentifier,THID,(BLOB),,
3705,26/08/2020 16:07:01,,26/08/2020 16:07:01,GS:MBUS,,ISSUIssueScore,ISSO,(BLOB),,
3706,26/08/2020 16:07:02,,26/08/2020 16:07:02,GS:MBUS,,SCRDScoreDefinition,SCRD,(BLOB),,
3707,26/08/2020 16:07:03,,26/08/2020 16:07:03,GS:MBUS,,ISSULegDefinition,LEDF,(BLOB),,
3708,26/08/2020 16:07:04,,26/08/2020 16:07:04,GS:MBUS,,LEDFIncomeEventDefinition,IEDF,(BLOB),,
3709,26/08/2020 16:07:11,,26/08/2020 16:07:11,GS:MBUS,,LEDFPrincipalEventDefinition,PEDF,(BLOB),,
3710,26/08/2020 16:07:14,,26/08/2020 16:07:14,GS:MBUS,,LEDFFinancialInstitutionLegRole,FLER,(BLOB),,
3711,26/08/2020 16:07:15,,26/08/2020 16:07:15,GS:MBUS,,SWCHDerivativeSchedule,DVSC,(BLOB),,
3716,04/09/2020 16:53:24,,04/09/2020 16:53:24,GS:MBUS,,SCRDIssueScore,ISSO,(BLOB),,
3724,01/10/2020 15:33:53,,01/10/2020 15:33:53,GS:MBUS,,ADINAddressInstance,ADIN,(BLOB),,
3726,01/10/2020 16:05:37,,01/10/2020 16:05:37,GS:MBUS,,ADINMailingAddress,MADR,(BLOB),,
3727,01/10/2020 16:05:39,,01/10/2020 16:05:39,GS:MBUS,,ADINElectronicAddress,EADR,(BLOB),,
6667811,01/12/2020 11:11:36,,01/12/2020 11:11:36,AUTO,,BasketComponentProperties,BCP1,(BLOB),,
99991891,09/01/2017 19:13:00,,09/01/2017 19:13:00,GS:DM:MBUS,,BBIssueActionParticipant,IAIP,(BLOB),,
3862,28/09/2021 17:18:40,,28/09/2021 17:18:40,GS:MBUS,,BNGRBenchmarkGroup,BNGR,(BLOB),,
3555,24/01/2020 22:47:59,,24/01/2020 22:47:59,GS:MBUS,,FZRDFuzzyRoutineDefinition,FZRD,(BLOB),,
3556,24/01/2020 22:48:00,,24/01/2020 22:48:00,GS:MBUS,,FZRDFuzzyRoutineParticipant,FZRP,(BLOB),,
3557,24/01/2020 22:48:01,,24/01/2020 22:48:01,GS:MBUS,,FZRDFuzzyRoutineTokenConfiguration,FZTC,(BLOB),,
3558,24/01/2020 22:48:02,,24/01/2020 22:48:02,GS:MBUS,,FZTCFuzzyRoutineTokenConfigParticipant,FZTP,(BLOB),,
3559,24/01/2020 22:48:02,,24/01/2020 22:48:02,GS:MBUS,,FZTDFuzzyRoutineTokenConfigParticipant,FZTP,(BLOB),,
3577,18/02/2020 16:30:56,,18/02/2020 16:30:56,GS:MBUS,,ACTPAccount,ACCT,(BLOB),,
3578,18/02/2020 16:31:00,,18/02/2020 16:31:00,GS:MBUS,,LGERLedger,LGER,(BLOB),,
3579,18/02/2020 16:31:01,,18/02/2020 16:31:01,GS:MBUS,,LGERBalanceHistory,BALH,(BLOB),,
3580,18/02/2020 16:31:06,,18/02/2020 16:31:06,GS:MBUS,,IAESIssueActionParticipant,IAIP,(BLOB),,
3581,18/02/2020 16:31:09,,18/02/2020 16:31:09,GS:MBUS,,IADCGeneralDocument,GDOC,(BLOB),,
3582,27/02/2020 15:16:57,,27/02/2020 15:16:57,GS:MBUS,,ACRDAccountReturnsandAnalyticsbyDate,ACRD,(BLOB),,
3624,12/05/2020 15:00:16,,12/05/2020 15:00:16,GS:DM:MBUS,,IAESIssueActionDateDefReplace,IADT,(BLOB),,D
3625,12/05/2020 15:00:16,,12/05/2020 15:00:16,GS:DM:MBUS,,IAESIssueActionGeographicUnitDefReplace,IAGU,(BLOB),,D
3626,12/05/2020 15:00:16,,12/05/2020 15:00:16,GS:DM:MBUS,,IAPRIssueActionEventSecurityInformationDefReplace,IAES,(BLOB),,D
3627,12/05/2020 15:00:16,,12/05/2020 15:00:16,GS:DM:MBUS,,IAESIssueActionParticipantDefReplace,IAIP,(BLOB),,D
3628,12/05/2020 15:00:16,,12/05/2020 15:00:16,GS:MBUS,,GNPCGeneralProcessRuleConfiguration,GNRC,(BLOB),,
3629,12/05/2020 15:00:17,,12/05/2020 15:00:17,GS:MBUS,,GNRCGeneralProcessRuleConfiguration,GNRC,(BLOB),,
3634,27/05/2020 18:36:17,,27/05/2020 18:36:17,GS:MBUS,,COMTCentralCrossReference,CCRF,(BLOB),,
3635,27/05/2020 18:36:19,,27/05/2020 18:36:19,GS:MBUS,,IAPACentralCrossReference,CCRF,(BLOB),,
3636,27/05/2020 18:36:21,,27/05/2020 18:36:21,GS:MBUS,,IADCIssueActionParty,IAPA,(BLOB),,
3637,27/05/2020 18:36:23,,27/05/2020 18:36:23,GS:MBUS,,COMTIssueActionParty,IAPA,(BLOB),,
3638,27/05/2020 18:36:24,,27/05/2020 18:36:24,GS:MBUS,,FPROIssueActionParty,IAPA,(BLOB),,
3639,27/05/2020 18:36:25,,27/05/2020 18:36:25,GS:MBUS,,FINSIssueActionParty,IAPA,(BLOB),,
3640,27/05/2020 18:36:26,,27/05/2020 18:36:26,GS:MBUS,,COMTCompanyMeetingRelationship,COMR,(BLOB),,
3641,27/05/2020 18:36:27,,27/05/2020 18:36:27,GS:MBUS,,COMTCompanyMeetingParticipationMethod,COMM,(BLOB),,
3642,27/05/2020 18:36:28,,27/05/2020 18:36:28,GS:MBUS,,COMTCompanyMeetingProcedure,COMO,(BLOB),,
3643,27/05/2020 18:36:29,,27/05/2020 18:36:29,GS:MBUS,,IADCIssueActionValidation,IAVL,(BLOB),,
3644,27/05/2020 18:36:29,,27/05/2020 18:36:29,GS:MBUS,,COMTIssueActionValidation,IAVL,(BLOB),,
3645,27/05/2020 18:36:30,,27/05/2020 18:36:30,GS:MBUS,,COMACompanyMeetingAgendaItemVoteOption,COMV,(BLOB),,
3648,11/06/2020 17:15:39,,11/06/2020 17:15:39,GS:MBUS,,PDRVPriceDerivation,PDRV,(BLOB),,
3652,11/06/2020 17:19:04,,11/06/2020 17:19:04,GS:MBUS,,MTDIIssueCalculatedValue,ISCV,(BLOB),,
3654,01/07/2020 18:01:04,,01/07/2020 18:01:04,GS:MBUS,,IDCSIDContextDefinition,IDCS,(BLOB),,
99991900,11/12/2020 12:52:12,,11/12/2020 12:52:12,BBVA:CUSTOMER,,ReferenceIdentifiers,REF1,(BLOB),,
8276661,25/01/2025 10:56:36,,25/01/2025 10:56:36,AUTO,,RelationsLegalAgreements,RLA1,(BLOB),,
6998742,29/03/2025 07:50:31,,29/03/2025 07:50:31,BBVA:CUSTOMER,,RatingFinsRoleRelationship,FRRL,(BLOB),,
3915,30/06/2022 22:41:09,,30/06/2022 22:41:09,GS:MBUS,,IAPRIssueActionEventSecurityInformationDebtToCred,IAES,(BLOB),,D
3926,11/07/2022 13:20:49,,11/07/2022 13:20:49,GS:MBUS,,COMACompanyMeetingAgendaItemSuccess,COMS,(BLOB),,
3931,29/07/2022 18:56:03,,29/07/2022 18:56:03,GS:MBUS,,ACCTAccountCategorySet,ACTS,(BLOB),,
3932,29/07/2022 18:56:04,,29/07/2022 18:56:04,GS:MBUS,,ACTSAccountCategoryValue,ACTV,(BLOB),,
3933,29/07/2022 18:56:05,,29/07/2022 18:56:05,GS:MBUS,,ACTSAccountCategory,ACTY,(BLOB),,
3675,15/03/2023 12:21:43,,15/03/2023 12:21:43,GS:MBUS,,PRODProductServiceProvider,PRSV,(BLOB),,
3944,27/09/2022 09:17:08,,27/09/2022 09:17:08,GS:MBUS,,EXTRExecutedTransactionUserStatistics,ETUS,(BLOB),,
3977,27/04/2023 13:38:47,,27/04/2023 13:38:47,GS:MBUS,,FINRBenchmarkDefinition,BNCH,(BLOB),,
7687691,13/01/2024 08:41:17,,13/01/2024 08:41:17,AUTO,,LegalWarrantyDetails,LWD1,(BLOB),,
8765691,13/01/2024 08:41:18,,13/01/2024 08:41:18,AUTO,,WarrantorAssociatedDetails,WAD1,(BLOB),,
3870,20/05/2022 10:23:35,,20/05/2022 10:23:35,GS:MBUS,,ISSUIssueSustainabilityCharacteristics,ISUC,(BLOB),,
3885,20/05/2022 10:22:45,,20/05/2022 10:22:45,GS:MBUS,,ISSTManageIssueVersion,ISST,(BLOB),,
99991892,09/01/2017 19:13:00,,09/01/2017 19:13:00,GS:DM:MBUS,,BBIAESIssueActionParticipant,IAIP,(BLOB),,
99991902,08/11/2025 08:07:43,,08/11/2025 08:07:43,BBVA:CUSTOMER,,FINSFinancialInstitutionGroup,FIGR,(BLOB),,
99991901,23/03/2024 11:12:31,,23/03/2024 11:12:31,BBVA:CUSTOMER,,FINSFinancialLegalNames,FLG1,(BLOB),,
6988741,07/06/2024 10:31:21,,07/06/2024 10:31:21,AUTO,,ExternalIdentifier,EXI1,(BLOB),,
